index,LIGHTING_CONDITION,ROADWAY_SURFACE_COND,WEATHER_CONDITION,TRAVEL_DIRECTION,INTERSECTION_RELATED,TRAFFIC_CONTROL_DEVICE,FIRST_CONTACT_POINT,MANEUVER,HIT_AND_RUN,VEHICLE_TYPE,UNIT_TYPE,FATAL_COND,DAMAGE_COST,BAC_RESULT,SEX,FATAL_DEGREE,ZIPCODE,AGE,VEHICLE_YEAR,POSTED_SPEED_LIMIT,NUM_UNITS,CRASH_HOUR,CRASH_DAY_OF_WEEK,CRASH_MONTH,CRASH_YEAR
22476,1,2,2,1,1,1,6,1,1,5,1,4,3,0,0,3,0,38.0,2009.0,30,2,9,5,5,2020
22477,1,2,2,2,1,1,1,1,1,-1,1,4,3,0,1,3,60680,42.0,2010.0,30,2,9,5,5,2020
22478,1,2,2,1,1,1,6,1,1,5,1,4,3,0,1,3,60680,42.0,2009.0,30,2,9,5,5,2020
22695,1,2,2,3,1,2,9,1,1,1,1,3,1,0,0,0,60628,31.0,2016.0,30,2,9,4,4,2020
22745,1,2,2,4,1,1,3,1,1,5,1,3,2,0,1,0,60804,55.0,2008.0,30,2,11,4,4,2020
23212,4,2,2,1,1,1,5,1,1,2,1,3,3,0,0,0,60619,48.0,2009.0,30,2,20,4,4,2020
23285,2,2,2,3,1,1,-1,1,1,-1,1,4,2,0,0,2,0,36.9,2011.0,35,2,1,6,5,2020
23286,2,2,2,3,1,1,8,1,1,1,1,4,2,0,0,2,0,36.9,2004.0,35,2,1,6,5,2020
23287,2,2,2,3,1,1,-1,1,1,-1,1,4,2,0,1,2,60473,24.0,2011.0,35,2,1,6,5,2020
23288,2,2,2,3,1,1,8,1,1,1,1,4,2,0,1,2,60473,24.0,2004.0,35,2,1,6,5,2020
23618,1,2,2,4,1,0,1,1,1,1,1,4,3,0,1,2,0,36.9,2019.0,30,2,11,5,4,2020
23619,1,2,2,3,1,0,3,1,1,1,1,4,3,0,1,2,0,36.9,2002.0,30,2,11,5,4,2020
23620,1,2,2,4,1,0,1,1,1,1,1,4,3,0,1,2,60629,43.0,2019.0,30,2,11,5,4,2020
23621,1,2,2,3,1,0,3,1,1,1,1,4,3,0,1,2,60629,43.0,2002.0,30,2,11,5,4,2020
23689,1,1,3,1,1,1,7,1,1,1,1,3,2,0,1,0,60645,48.0,2011.0,30,2,11,5,4,2020
23885,5,1,1,3,1,1,1,1,1,1,1,4,3,0,0,3,0,38.0,2010.0,35,2,20,5,4,2020
23886,5,1,1,4,1,1,4,1,1,1,1,4,3,0,0,3,0,38.0,2018.0,35,2,20,5,4,2020
23887,5,1,1,3,1,1,1,1,1,1,1,4,3,0,0,3,60639,63.0,2010.0,35,2,20,5,4,2020
23888,5,1,1,4,1,1,4,1,1,1,1,4,3,0,0,3,60639,63.0,2018.0,35,2,20,5,4,2020
23980,1,2,2,7,1,1,4,2,1,1,1,3,3,0,0,0,60617,35.0,2006.0,30,2,8,5,5,2020
23981,1,2,2,2,1,1,9,1,1,1,1,3,3,0,0,0,60617,35.0,2018.0,30,2,8,5,5,2020
24193,2,2,2,3,1,1,1,1,0,1,1,4,3,0,1,1,60473,40.0,2012.0,30,2,0,1,5,2020
24194,2,2,2,4,1,1,3,1,0,1,1,4,3,0,1,1,60473,40.0,2017.0,30,2,0,1,5,2020
24195,2,2,2,3,1,1,1,1,0,1,1,4,3,0,1,1,60612,29.0,2012.0,30,2,0,1,5,2020
24196,2,2,2,4,1,1,3,1,0,1,1,4,3,0,1,1,60612,29.0,2017.0,30,2,0,1,5,2020
24200,2,2,2,2,1,1,4,2,1,2,1,4,3,0,0,0,60639,29.0,2020.0,30,2,1,1,5,2020
24456,1,1,1,1,1,0,3,1,1,1,1,4,3,0,0,0,60649,40.0,2011.0,30,3,10,6,5,2020
24494,1,1,1,2,1,0,7,1,1,1,1,3,3,0,1,0,60411,41.0,2011.0,30,2,14,6,5,2020
24497,1,1,1,5,1,1,1,2,1,1,1,4,3,0,1,3,0,38.0,2010.0,30,2,14,6,5,2020
24499,1,1,1,5,1,1,1,2,1,1,1,0,3,0,0,3,0,47.0,2010.0,30,2,14,6,5,2020
24706,1,1,1,4,1,2,5,1,1,4,1,4,3,0,0,0,60628,65.0,2020.0,30,2,15,6,5,2020
24707,1,1,1,1,1,2,4,1,1,1,1,4,3,0,0,0,60628,65.0,2017.0,30,2,15,6,5,2020
24717,1,1,3,2,1,1,2,3,1,1,1,3,2,0,0,0,60620,33.0,2007.0,30,2,18,6,5,2020
24772,1,1,1,2,1,1,4,8,1,1,1,3,2,0,0,0,60616,50.0,2017.0,30,2,17,6,5,2020
24880,1,1,1,2,1,1,9,2,1,1,1,4,3,0,1,2,60628,27.0,2003.0,30,2,18,6,5,2020
24881,1,1,1,4,1,1,1,1,1,6,1,4,3,0,1,2,60628,27.0,2011.0,30,2,18,6,5,2020
24882,1,1,1,2,1,1,9,2,1,1,1,4,3,0,1,2,46327,30.0,2003.0,30,2,18,6,5,2020
24883,1,1,1,4,1,1,1,1,1,6,1,4,3,0,1,2,46327,30.0,2011.0,30,2,18,6,5,2020
24885,1,1,1,4,1,2,10,1,1,1,1,4,3,0,0,3,0,38.0,2010.0,30,5,19,6,5,2020
24886,1,1,1,4,1,2,2,1,1,1,1,4,3,0,0,3,0,38.0,2017.0,30,5,19,6,5,2020
24887,1,1,1,4,1,2,2,-1,1,1,1,4,3,0,0,3,0,38.0,2002.0,30,5,19,6,5,2020
24888,1,1,1,4,1,2,2,1,1,1,1,4,3,0,0,3,0,38.0,2011.0,30,5,19,6,5,2020
24889,1,1,1,4,1,2,-1,6,1,-1,1,4,3,0,0,3,60628,27.0,2010.0,30,5,19,6,5,2020
24890,1,1,1,4,1,2,10,1,1,1,1,4,3,0,0,3,60628,27.0,2010.0,30,5,19,6,5,2020
24891,1,1,1,4,1,2,2,1,1,1,1,4,3,0,0,3,60628,27.0,2017.0,30,5,19,6,5,2020
24892,1,1,1,4,1,2,2,-1,1,1,1,4,3,0,0,3,60628,27.0,2002.0,30,5,19,6,5,2020
24893,1,1,1,4,1,2,2,1,1,1,1,4,3,0,0,3,60628,27.0,2011.0,30,5,19,6,5,2020
24894,1,1,1,4,1,2,-1,6,1,-1,1,4,3,0,0,3,60637,40.0,2010.0,30,5,19,6,5,2020
24895,1,1,1,4,1,2,10,1,1,1,1,4,3,0,0,3,60637,40.0,2010.0,30,5,19,6,5,2020
24896,1,1,1,4,1,2,2,1,1,1,1,4,3,0,0,3,60637,40.0,2017.0,30,5,19,6,5,2020
24897,1,1,1,4,1,2,2,-1,1,1,1,4,3,0,0,3,60637,40.0,2002.0,30,5,19,6,5,2020
24898,1,1,1,4,1,2,2,1,1,1,1,4,3,0,0,3,60637,40.0,2011.0,30,5,19,6,5,2020
24899,1,1,1,4,1,2,-1,6,1,-1,1,4,3,0,0,3,60619,40.0,2010.0,30,5,19,6,5,2020
24900,1,1,1,4,1,2,10,1,1,1,1,4,3,0,0,3,60619,40.0,2010.0,30,5,19,6,5,2020
24901,1,1,1,4,1,2,2,1,1,1,1,4,3,0,0,3,60619,40.0,2017.0,30,5,19,6,5,2020
24902,1,1,1,4,1,2,2,-1,1,1,1,4,3,0,0,3,60619,40.0,2002.0,30,5,19,6,5,2020
24903,1,1,1,4,1,2,2,1,1,1,1,4,3,0,0,3,60619,40.0,2011.0,30,5,19,6,5,2020
24904,1,1,1,4,1,2,-1,6,1,-1,1,4,3,0,1,3,60619,33.0,2010.0,30,5,19,6,5,2020
24905,1,1,1,4,1,2,10,1,1,1,1,4,3,0,1,3,60619,33.0,2010.0,30,5,19,6,5,2020
24906,1,1,1,4,1,2,2,1,1,1,1,4,3,0,1,3,60619,33.0,2017.0,30,5,19,6,5,2020
24907,1,1,1,4,1,2,2,-1,1,1,1,4,3,0,1,3,60619,33.0,2002.0,30,5,19,6,5,2020
24908,1,1,1,4,1,2,2,1,1,1,1,4,3,0,1,3,60619,33.0,2011.0,30,5,19,6,5,2020
24997,2,1,1,4,1,2,1,2,1,1,1,4,3,0,0,2,0,36.9,2016.0,30,2,22,6,5,2020
24998,2,1,1,1,1,2,6,1,1,1,1,4,3,0,0,2,0,36.9,2018.0,30,2,22,6,5,2020
24999,2,1,1,4,1,2,1,2,1,1,1,4,3,0,1,2,60302,38.0,2016.0,30,2,22,6,5,2020
25000,2,1,1,1,1,2,6,1,1,1,1,4,3,0,1,2,60302,38.0,2018.0,30,2,22,6,5,2020
25186,1,2,2,4,1,1,2,3,1,1,1,3,3,0,0,0,60652,73.0,2002.0,30,2,12,5,5,2020
25232,2,2,2,2,1,0,3,1,1,1,1,3,2,0,1,0,60014,18.0,2005.0,30,2,1,1,5,2020
25437,1,1,1,4,1,1,9,2,1,1,1,4,3,0,0,2,0,36.9,2015.0,30,2,11,7,5,2020
25438,1,1,1,1,1,1,1,1,1,7,1,4,3,0,0,2,63122,29.0,2011.0,30,2,11,7,5,2020
25439,1,1,1,4,1,1,9,2,1,1,1,4,3,0,0,2,63122,29.0,2015.0,30,2,11,7,5,2020
25544,1,1,1,2,1,1,2,3,1,1,1,0,3,0,1,2,60632,36.0,2020.0,30,3,14,7,5,2020
25545,1,1,1,2,1,1,-1,1,1,-1,1,0,3,0,1,2,60632,36.0,2011.0,30,3,14,7,5,2020
25547,1,1,1,2,1,1,2,3,1,1,1,4,3,0,0,2,60652,48.0,2020.0,30,3,14,7,5,2020
25548,1,1,1,2,1,1,-1,1,1,-1,1,4,3,0,0,2,60652,48.0,2011.0,30,3,14,7,5,2020
25550,1,1,1,2,1,1,2,3,1,1,1,4,3,0,1,2,0,36.9,2020.0,30,3,14,7,5,2020
25551,1,1,1,2,1,1,-1,1,1,-1,1,4,3,0,1,2,0,36.9,2011.0,30,3,14,7,5,2020
25952,1,1,1,3,1,1,9,1,1,1,1,3,2,0,1,0,60637,39.0,2011.0,30,2,17,7,5,2020
26001,2,1,1,2,1,1,9,1,1,1,1,3,2,0,1,0,60613,41.0,2013.0,30,2,20,7,5,2020
26140,2,1,1,3,1,1,4,1,1,1,1,4,3,0,0,0,60644,22.0,2013.0,30,2,22,7,5,2020
26770,1,1,1,1,1,2,1,1,1,-1,1,4,3,0,1,2,60620,36.9,2014.0,20,2,12,1,5,2020
26771,1,1,1,2,1,2,6,1,1,1,1,4,3,0,1,2,60620,36.9,2002.0,20,2,12,1,5,2020
26772,1,1,1,1,1,2,1,1,1,-1,1,4,3,0,0,2,60617,24.0,2014.0,20,2,12,1,5,2020
26773,1,1,1,2,1,2,6,1,1,1,1,4,3,0,0,2,60617,24.0,2002.0,20,2,12,1,5,2020
26824,1,1,1,2,1,2,2,1,1,1,1,4,3,0,0,0,60628,28.0,2017.0,30,2,12,1,5,2020
26980,2,1,1,3,1,1,1,1,1,1,1,4,3,0,0,1,60619,36.0,2010.0,30,2,1,7,5,2020
26981,2,1,1,3,1,1,8,4,1,1,1,4,3,0,0,1,60619,36.0,2017.0,30,2,1,7,5,2020
26982,2,1,1,3,1,1,1,1,1,1,1,4,3,0,0,1,60624,20.0,2010.0,30,2,1,7,5,2020
26983,2,1,1,3,1,1,8,4,1,1,1,4,3,0,0,1,60624,20.0,2017.0,30,2,1,7,5,2020
27172,1,2,2,4,1,1,1,1,1,2,1,4,3,0,0,1,60651,36.0,2002.0,30,3,9,3,5,2020
27173,1,2,2,1,1,1,4,1,1,2,1,4,3,0,0,1,60651,36.0,2018.0,30,3,9,3,5,2020
27174,1,2,2,1,1,1,7,5,1,2,2,4,3,0,0,1,60651,36.0,2016.0,30,3,9,3,5,2020
27175,1,2,2,4,1,1,1,1,1,2,1,4,3,0,0,1,60651,44.0,2002.0,30,3,9,3,5,2020
27176,1,2,2,1,1,1,4,1,1,2,1,4,3,0,0,1,60651,44.0,2018.0,30,3,9,3,5,2020
27177,1,2,2,1,1,1,7,5,1,2,2,4,3,0,0,1,60651,44.0,2016.0,30,3,9,3,5,2020
27248,1,1,1,3,1,1,9,1,1,3,1,3,3,0,1,0,60651,41.0,2001.0,30,2,12,2,5,2020
27466,1,1,1,1,1,1,1,2,1,1,1,0,3,0,0,2,60620,60.0,2011.0,30,2,16,2,5,2020
27472,1,1,1,1,1,2,-1,1,1,-1,1,4,2,0,1,2,60620,36.9,2011.0,30,2,17,2,5,2020
27473,1,1,1,2,1,2,6,1,1,1,1,4,2,0,1,2,60620,36.9,2019.0,30,2,17,2,5,2020
27474,1,1,1,1,1,2,-1,1,1,-1,1,4,2,0,0,2,60628,19.0,2011.0,30,2,17,2,5,2020
27475,1,1,1,2,1,2,6,1,1,1,1,4,2,0,0,2,60628,19.0,2019.0,30,2,17,2,5,2020
27736,1,1,1,1,1,1,1,4,1,1,1,3,3,0,0,0,60643,62.0,2006.0,30,2,17,2,4,2020
27737,1,1,1,1,1,1,1,4,1,1,1,3,3,0,0,0,60643,62.0,2006.0,30,2,17,2,4,2020
27740,1,1,1,1,1,1,1,4,1,1,1,3,3,0,0,0,60643,62.0,2006.0,30,2,17,2,4,2020
27741,1,1,1,1,1,1,1,4,1,1,1,3,3,0,0,0,60643,62.0,2006.0,30,2,17,2,4,2020
28029,1,2,2,4,1,2,-1,1,1,1,1,4,3,0,1,2,0,36.9,2005.0,30,3,9,3,5,2020
28030,1,2,2,4,1,2,2,5,1,4,2,4,3,0,1,2,0,36.9,2015.0,30,3,9,3,5,2020
28031,1,2,2,3,1,2,-1,1,1,2,1,4,3,0,1,2,60619,22.0,2011.0,30,3,9,3,5,2020
28032,1,2,2,4,1,2,-1,1,1,1,1,4,3,0,1,2,60619,22.0,2005.0,30,3,9,3,5,2020
28033,1,2,2,4,1,2,2,5,1,4,2,4,3,0,1,2,60619,22.0,2015.0,30,3,9,3,5,2020
28145,1,1,1,1,1,0,6,1,1,1,1,3,3,0,0,0,60629,66.0,2007.0,30,2,14,3,5,2020
28284,1,2,2,3,0,2,1,1,1,1,1,3,3,0,0,0,60629,26.0,2020.0,30,2,15,3,5,2020
28390,1,2,2,1,1,0,1,1,1,1,1,4,3,0,1,0,60639,51.0,2020.0,30,3,13,3,5,2020
28391,1,2,2,4,1,0,1,1,1,1,1,4,3,0,1,0,60639,51.0,2017.0,30,3,13,3,5,2020
28392,1,2,2,3,1,0,3,5,1,1,2,4,3,0,1,0,60639,51.0,2008.0,30,3,13,3,5,2020
28425,1,-1,1,4,1,1,1,1,0,1,1,4,3,0,0,3,60639,38.0,2018.0,30,2,16,3,5,2020
28426,1,-1,1,3,1,1,7,1,0,1,1,4,3,0,0,3,60639,38.0,2014.0,30,2,16,3,5,2020
28427,1,-1,1,4,1,1,1,1,0,1,1,4,3,0,1,3,60639,49.0,2018.0,30,2,16,3,5,2020
28428,1,-1,1,3,1,1,7,1,0,1,1,4,3,0,1,3,60639,49.0,2014.0,30,2,16,3,5,2020
28524,1,2,2,3,0,1,1,1,1,-1,1,4,2,0,1,2,60619,36.9,1996.0,35,2,14,3,5,2020
28525,1,2,2,3,0,1,2,1,1,1,1,4,2,0,1,2,60619,36.9,2015.0,35,2,14,3,5,2020
28526,1,2,2,3,0,1,1,1,1,-1,1,4,2,0,0,2,60473,54.0,1996.0,35,2,14,3,5,2020
28527,1,2,2,3,0,1,2,1,1,1,1,4,2,0,0,2,60473,54.0,2015.0,35,2,14,3,5,2020
28781,1,1,1,1,1,1,2,1,1,6,1,3,2,0,1,0,60646,50.0,2003.0,30,2,13,3,4,2020
28782,1,1,1,1,1,1,2,1,1,6,1,3,2,0,1,0,60646,50.0,2003.0,30,2,13,3,4,2020
28785,1,1,1,1,1,1,2,1,1,6,1,3,2,0,1,0,60646,50.0,2003.0,30,2,13,3,4,2020
28786,1,1,1,1,1,1,2,1,1,6,1,3,2,0,1,0,60646,50.0,2003.0,30,2,13,3,4,2020
28818,1,1,1,4,1,1,-1,1,1,1,1,0,3,0,1,2,60609,36.9,2011.0,30,2,15,5,5,2020
29135,1,1,1,3,1,1,3,2,1,1,1,4,3,0,1,1,60624,36.0,2012.0,30,2,15,4,5,2020
29136,1,1,1,3,1,1,4,1,1,1,1,4,3,0,1,1,60624,36.0,2005.0,30,2,15,4,5,2020
29137,1,1,1,3,1,1,3,2,1,1,1,4,3,0,1,1,60619,58.0,2012.0,30,2,15,4,5,2020
29138,1,1,1,3,1,1,4,1,1,1,1,4,3,0,1,1,60619,58.0,2005.0,30,2,15,4,5,2020
29234,2,1,1,4,1,1,4,2,1,1,1,3,2,0,0,0,60623,36.0,2011.0,30,2,0,4,5,2020
29269,2,1,1,3,1,1,2,3,1,1,1,3,3,0,0,0,60090,20.0,2018.0,30,2,20,4,5,2020
29307,5,1,1,3,1,1,9,2,0,1,1,3,3,0,1,0,60642,46.0,2008.0,30,2,21,4,5,2020
29579,2,1,1,3,1,0,3,1,1,1,1,4,3,0,0,3,60642,38.0,2014.0,30,2,1,7,5,2020
29580,2,1,1,5,1,0,-1,-1,1,-1,1,4,3,0,1,3,60649,35.0,2010.0,30,2,1,7,5,2020
29581,2,1,1,3,1,0,3,1,1,1,1,4,3,0,1,3,60649,35.0,2014.0,30,2,1,7,5,2020
29787,1,1,1,3,1,2,5,3,1,4,1,3,3,0,0,0,60608,44.0,2007.0,25,2,11,5,5,2020
30451,2,2,1,3,1,1,6,3,1,5,1,3,1,0,0,0,60620,26.0,2014.0,30,2,23,7,5,2020
30499,1,1,1,2,1,1,2,3,1,1,1,3,1,0,1,0,60409,27.0,2013.0,30,2,9,7,5,2020
30509,1,1,1,2,1,1,2,2,1,1,1,3,3,0,0,0,60628,60.0,2002.0,30,2,9,7,5,2020
30600,1,1,1,3,1,1,8,3,1,1,1,3,2,0,0,0,60660,42.0,2019.0,30,2,19,7,5,2020
30767,1,1,1,3,1,1,8,1,1,1,1,3,3,0,0,0,60628,57.0,2012.0,30,2,19,6,5,2020
30781,1,1,1,2,1,1,8,3,1,1,1,4,3,0,0,0,60617,48.0,2017.0,30,2,13,6,5,2020
30845,1,1,1,2,1,1,4,4,1,1,1,4,2,0,0,2,0,36.9,2011.0,30,2,14,6,5,2020
30847,1,1,1,2,1,1,4,4,1,1,1,0,2,0,0,2,60654,29.0,2011.0,30,2,14,6,5,2020
31325,2,2,1,2,1,1,6,1,1,4,1,4,3,0,0,1,60644,36.0,1998.0,30,2,0,1,5,2020
31326,2,2,1,1,1,1,1,1,1,1,1,4,3,0,0,1,60644,36.0,2019.0,30,2,0,1,5,2020
31327,2,2,1,2,1,1,6,1,1,4,1,4,3,0,0,1,60644,54.0,1998.0,30,2,0,1,5,2020
31328,2,2,1,1,1,1,1,1,1,1,1,4,3,0,0,1,60644,54.0,2019.0,30,2,0,1,5,2020
31598,1,1,1,3,1,1,2,3,1,1,1,3,1,0,1,0,60640,27.0,2021.0,30,2,13,7,5,2020
31763,1,1,1,1,1,1,1,1,1,1,1,4,2,0,0,1,60644,36.0,2010.0,30,2,15,7,5,2020
31764,1,1,1,1,1,1,7,1,1,1,1,4,2,0,0,1,60644,36.0,2012.0,30,2,15,7,5,2020
31765,1,1,1,1,1,1,1,1,1,1,1,4,2,0,0,1,60805,50.0,2010.0,30,2,15,7,5,2020
31766,1,1,1,1,1,1,7,1,1,1,1,4,2,0,0,1,60805,50.0,2012.0,30,2,15,7,5,2020
32006,3,1,1,2,1,2,6,1,1,3,1,4,3,0,0,2,60616,36.9,2006.0,30,2,21,7,5,2020
32007,3,1,1,1,1,2,1,1,1,-1,1,4,3,0,1,2,60617,42.0,2011.0,30,2,21,7,5,2020
32008,3,1,1,2,1,2,6,1,1,3,1,4,3,0,1,2,60617,42.0,2006.0,30,2,21,7,5,2020
32103,2,1,1,2,1,1,6,1,0,1,1,4,3,0,0,3,60632,22.0,2009.0,30,2,22,7,5,2020
32104,2,1,1,1,1,1,1,1,0,3,1,4,3,0,0,3,60632,22.0,2015.0,30,2,22,7,5,2020
32105,2,1,1,2,1,1,6,1,0,1,1,4,3,0,1,3,60473,51.0,2009.0,30,2,22,7,5,2020
32106,2,1,1,1,1,1,1,1,0,3,1,4,3,0,1,3,60473,51.0,2015.0,30,2,22,7,5,2020
32276,2,1,1,3,1,2,12,1,1,1,1,4,2,0,1,0,60656,44.0,1988.0,30,2,22,1,5,2020
32291,2,1,1,2,1,2,1,1,1,1,1,3,3,0,1,0,60617,48.0,2017.0,35,2,2,2,5,2020
32353,1,1,1,4,1,1,3,1,1,2,1,4,3,0,1,3,60629,39.0,2011.0,35,2,6,2,5,2020
32354,1,1,1,3,1,1,5,1,1,2,1,4,3,0,1,3,60629,39.0,2012.0,35,2,6,2,5,2020
32363,1,1,1,4,1,1,3,1,1,2,1,4,3,0,1,3,60629,38.0,2011.0,35,2,6,2,5,2020
32364,1,1,1,3,1,1,5,1,1,2,1,4,3,0,1,3,60629,38.0,2012.0,35,2,6,2,5,2020
32511,1,1,1,3,1,1,1,1,1,1,1,0,3,0,1,2,60153,31.0,2003.0,30,2,13,1,5,2020
32513,1,1,1,3,1,1,1,1,1,1,1,4,3,0,1,2,60153,36.9,2003.0,30,2,13,1,5,2020
32800,1,2,2,8,1,1,3,2,1,-1,1,4,3,0,1,1,60153,36.0,2017.0,30,2,14,1,5,2020
32801,1,2,2,-1,1,1,-1,-1,1,-1,1,4,3,0,1,1,60153,36.0,2006.0,30,2,14,1,5,2020
32802,1,2,2,8,1,1,3,2,1,-1,1,4,3,0,1,1,60628,26.0,2017.0,30,2,14,1,5,2020
32803,1,2,2,-1,1,1,-1,-1,1,-1,1,4,3,0,1,1,60628,26.0,2006.0,30,2,14,1,5,2020
32811,1,2,2,2,1,1,4,1,1,1,1,3,2,0,1,0,60415,25.0,2020.0,30,2,14,1,5,2020
33213,1,2,2,1,1,1,1,1,1,2,1,4,3,0,0,3,60616,38.0,2010.0,30,2,18,1,5,2020
33214,1,2,2,2,1,1,6,1,1,1,1,4,3,0,0,3,60616,38.0,2010.0,30,2,18,1,5,2020
33215,1,2,2,1,1,1,1,1,1,2,1,4,3,0,1,3,60619,56.0,2010.0,30,2,18,1,5,2020
33216,1,2,2,2,1,1,6,1,1,1,1,4,3,0,1,3,60619,56.0,2010.0,30,2,18,1,5,2020
33441,1,1,1,3,1,2,1,1,1,2,1,4,3,0,1,1,60609,67.0,2005.0,30,2,13,7,4,2020
33442,1,1,1,3,1,2,1,1,1,2,1,4,3,0,1,1,60609,67.0,2005.0,30,2,13,7,4,2020
33443,1,1,1,3,1,2,2,1,1,1,1,4,3,0,1,1,60609,67.0,2004.0,30,2,13,7,4,2020
33444,1,1,1,3,1,2,2,1,1,1,1,4,3,0,1,1,60609,67.0,2004.0,30,2,13,7,4,2020
33445,1,1,1,3,1,2,1,1,1,2,1,4,3,0,0,1,60609,36.0,2005.0,30,2,13,7,4,2020
33446,1,1,1,3,1,2,1,1,1,2,1,4,3,0,0,1,60609,36.0,2005.0,30,2,13,7,4,2020
33447,1,1,1,3,1,2,2,1,1,1,1,4,3,0,0,1,60609,36.0,2004.0,30,2,13,7,4,2020
33448,1,1,1,3,1,2,2,1,1,1,1,4,3,0,0,1,60609,36.0,2004.0,30,2,13,7,4,2020
33449,1,1,1,3,1,2,1,1,1,2,1,4,3,0,0,1,60445,20.0,2005.0,30,2,13,7,4,2020
33450,1,1,1,3,1,2,1,1,1,2,1,4,3,0,0,1,60445,20.0,2005.0,30,2,13,7,4,2020
33451,1,1,1,3,1,2,2,1,1,1,1,4,3,0,0,1,60445,20.0,2004.0,30,2,13,7,4,2020
33452,1,1,1,3,1,2,2,1,1,1,1,4,3,0,0,1,60445,20.0,2004.0,30,2,13,7,4,2020
33453,1,1,1,3,1,2,1,1,1,2,1,4,3,0,0,1,60445,20.0,2005.0,30,2,13,7,4,2020
33454,1,1,1,3,1,2,1,1,1,2,1,4,3,0,0,1,60445,20.0,2005.0,30,2,13,7,4,2020
33455,1,1,1,3,1,2,2,1,1,1,1,4,3,0,0,1,60445,20.0,2004.0,30,2,13,7,4,2020
33456,1,1,1,3,1,2,2,1,1,1,1,4,3,0,0,1,60445,20.0,2004.0,30,2,13,7,4,2020
33465,1,1,1,1,1,1,1,1,1,1,1,4,3,0,1,2,60609,36.9,2006.0,30,3,8,2,5,2020
33466,1,1,1,4,1,1,5,1,1,1,1,4,3,0,1,2,60609,36.9,2020.0,30,3,8,2,5,2020
33467,1,1,1,2,1,1,3,5,1,-1,2,4,3,0,1,2,60609,36.9,2007.0,30,3,8,2,5,2020
33468,1,1,1,1,1,1,1,1,1,1,1,4,3,0,0,2,60609,25.0,2006.0,30,3,8,2,5,2020
33469,1,1,1,4,1,1,5,1,1,1,1,4,3,0,0,2,60609,25.0,2020.0,30,3,8,2,5,2020
33470,1,1,1,2,1,1,3,5,1,-1,2,4,3,0,0,2,60609,25.0,2007.0,30,3,8,2,5,2020
33637,1,1,1,2,1,2,8,2,1,1,1,3,2,0,1,0,60629,49.0,2020.0,30,2,17,3,5,2020
33779,1,1,1,3,1,1,-1,7,1,1,1,4,3,0,0,0,60632,24.0,2007.0,30,3,17,3,5,2020
33780,1,1,1,1,1,1,2,1,1,1,1,4,3,0,0,0,60632,24.0,2013.0,30,3,17,3,5,2020
33781,1,1,1,4,1,1,1,7,1,1,1,4,3,0,0,0,60632,24.0,2014.0,30,3,17,3,5,2020
33782,1,1,1,3,1,1,-1,7,1,1,1,4,3,0,1,0,60629,16.0,2007.0,30,3,17,3,5,2020
33783,1,1,1,1,1,1,2,1,1,1,1,4,3,0,1,0,60629,16.0,2013.0,30,3,17,3,5,2020
33784,1,1,1,4,1,1,1,7,1,1,1,4,3,0,1,0,60629,16.0,2014.0,30,3,17,3,5,2020
33820,1,1,1,5,1,1,2,1,1,4,1,4,3,0,1,1,60619,36.0,2003.0,30,4,12,2,5,2020
33821,1,1,1,5,1,1,1,1,1,-1,1,4,3,0,1,1,60619,36.0,2010.0,30,4,12,2,5,2020
33822,1,1,1,5,1,1,6,1,1,1,1,4,3,0,1,1,60619,36.0,2012.0,30,4,12,2,5,2020
33824,1,1,1,5,1,1,2,1,1,4,1,4,3,0,0,1,60617,21.0,2003.0,30,4,12,2,5,2020
33825,1,1,1,5,1,1,1,1,1,-1,1,4,3,0,0,1,60617,21.0,2010.0,30,4,12,2,5,2020
33826,1,1,1,5,1,1,6,1,1,1,1,4,3,0,0,1,60617,21.0,2012.0,30,4,12,2,5,2020
33828,1,1,1,5,1,1,2,1,1,4,1,4,3,0,1,1,60617,25.0,2003.0,30,4,12,2,5,2020
33829,1,1,1,5,1,1,1,1,1,-1,1,4,3,0,1,1,60617,25.0,2010.0,30,4,12,2,5,2020
33830,1,1,1,5,1,1,6,1,1,1,1,4,3,0,1,1,60617,25.0,2012.0,30,4,12,2,5,2020
34046,1,1,1,3,1,1,-1,1,1,-1,1,4,3,0,1,3,0,38.0,2010.0,30,2,18,2,5,2020
34047,1,1,1,1,1,1,1,1,1,1,1,4,3,0,1,3,0,38.0,2016.0,30,2,18,2,5,2020
34048,1,1,1,3,1,1,-1,1,1,-1,1,4,3,0,1,3,60622,31.0,2010.0,30,2,18,2,5,2020
34049,1,1,1,1,1,1,1,1,1,1,1,4,3,0,1,3,60622,31.0,2016.0,30,2,18,2,5,2020