index,LIGHTING_CONDITION,ROADWAY_SURFACE_COND,WEATHER_CONDITION,TRAVEL_DIRECTION,INTERSECTION_RELATED,TRAFFIC_CONTROL_DEVICE,FIRST_CONTACT_POINT,MANEUVER,HIT_AND_RUN,VEHICLE_TYPE,UNIT_TYPE,FATAL_COND,DAMAGE_COST,BAC_RESULT,SEX,FATAL_DEGREE,ZIPCODE,AGE,VEHICLE_YEAR,POSTED_SPEED_LIMIT,NUM_UNITS,CRASH_HOUR,CRASH_DAY_OF_WEEK,CRASH_MONTH,CRASH_YEAR
53341,4,1,1,4,1,1,12,4,1,1,1,4,3,0,1,3,60637,38.0,2018.0,30,2,19,1,5,2020
53342,4,1,1,1,1,1,1,1,1,1,1,4,3,-1,1,3,62704,65.0,2002.0,30,2,19,1,5,2020
53343,4,1,1,4,1,1,12,4,1,1,1,4,3,-1,1,3,62704,65.0,2018.0,30,2,19,1,5,2020
53362,1,1,1,2,1,1,1,1,1,1,1,4,3,0,0,0,60827,29.0,2012.0,30,2,20,1,5,2020
53363,1,1,1,1,1,1,-1,1,1,1,1,4,3,0,0,0,60827,29.0,2013.0,30,2,20,1,5,2020
53547,1,1,1,4,1,2,2,3,1,1,1,3,3,0,1,0,60453,32.0,2018.0,30,2,18,1,5,2020
53556,1,1,1,2,1,2,1,3,1,2,1,3,2,0,0,0,60153,24.0,2006.0,25,2,14,1,5,2020
53557,1,1,1,2,1,2,2,3,1,1,1,3,2,0,0,0,60153,24.0,2014.0,25,2,14,1,5,2020
53608,1,-1,-1,4,1,2,1,1,1,4,1,4,3,0,0,2,60453,36.9,2011.0,25,2,15,1,5,2020
53609,1,-1,-1,1,1,2,9,1,1,1,1,4,3,0,0,2,60453,36.9,2012.0,25,2,15,1,5,2020
53610,1,-1,-1,4,1,2,1,1,1,4,1,4,3,0,0,2,60617,76.0,2011.0,25,2,15,1,5,2020
53611,1,-1,-1,1,1,2,9,1,1,1,1,4,3,0,0,2,60617,76.0,2012.0,25,2,15,1,5,2020
53702,1,1,1,2,1,2,6,1,1,1,1,3,3,0,0,0,61081,54.0,2004.0,30,2,17,1,5,2020
53707,1,1,1,1,1,1,3,1,1,2,1,3,2,0,1,0,60612,39.0,2017.0,30,2,17,1,5,2020
53923,1,1,1,-1,1,0,-1,-1,1,1,1,4,3,0,1,3,60621,35.0,2010.0,30,2,15,1,5,2020
53924,1,1,1,-1,1,0,-1,-1,1,1,1,4,3,0,1,3,60621,35.0,2004.0,30,2,15,1,5,2020
53925,1,1,1,-1,1,0,-1,-1,1,1,1,4,3,0,0,3,60649,26.0,2010.0,30,2,15,1,5,2020
53926,1,1,1,-1,1,0,-1,-1,1,1,1,4,3,0,0,3,60649,26.0,2004.0,30,2,15,1,5,2020
53973,1,1,1,2,1,1,3,1,1,-1,1,4,3,0,0,3,60649,38.0,2000.0,30,2,15,1,5,2020
53974,1,1,1,3,1,1,4,1,1,1,1,4,3,0,0,3,60649,38.0,2004.0,30,2,15,1,5,2020
53975,1,1,1,2,1,1,3,1,1,-1,1,4,3,0,0,3,60636,64.0,2000.0,30,2,15,1,5,2020
53976,1,1,1,3,1,1,4,1,1,1,1,4,3,0,0,3,60636,64.0,2004.0,30,2,15,1,5,2020
54154,1,1,1,2,1,2,1,1,1,1,1,4,3,0,0,3,60115,25.0,2001.0,30,3,16,2,6,2020
54155,1,1,1,1,1,2,3,1,1,1,1,4,3,0,0,3,60115,25.0,2019.0,30,3,16,2,6,2020
54156,1,1,1,4,1,2,1,3,1,11,1,4,3,0,0,3,60115,25.0,2011.0,30,3,16,2,6,2020
54157,1,1,1,2,1,2,1,1,1,1,1,4,3,0,1,3,60647,57.0,2001.0,30,3,16,2,6,2020
54158,1,1,1,1,1,2,3,1,1,1,1,4,3,0,1,3,60647,57.0,2019.0,30,3,16,2,6,2020
54159,1,1,1,4,1,2,1,3,1,11,1,4,3,0,1,3,60647,57.0,2011.0,30,3,16,2,6,2020
54160,1,1,1,2,1,2,1,1,1,1,1,4,3,0,1,3,60647,52.0,2001.0,30,3,16,2,6,2020
54161,1,1,1,1,1,2,3,1,1,1,1,4,3,0,1,3,60647,52.0,2019.0,30,3,16,2,6,2020
54162,1,1,1,4,1,2,1,3,1,11,1,4,3,0,1,3,60647,52.0,2011.0,30,3,16,2,6,2020
54213,1,1,1,2,1,0,4,1,0,1,1,4,3,0,1,2,60637,30.0,2013.0,30,2,19,2,6,2020
54214,1,1,1,1,1,0,3,1,0,1,1,4,3,0,1,2,60637,30.0,2013.0,30,2,19,2,6,2020
54215,1,1,1,2,1,0,4,1,0,1,1,4,3,0,1,2,60628,29.0,2013.0,30,2,19,2,6,2020
54216,1,1,1,1,1,0,3,1,0,1,1,4,3,0,1,2,60628,29.0,2013.0,30,2,19,2,6,2020
54226,2,1,1,4,1,0,7,1,1,1,1,3,3,0,0,0,46312,41.0,2019.0,30,2,21,2,6,2020
54275,4,1,1,1,1,0,1,1,1,1,1,4,3,0,1,2,60621,36.9,2020.0,30,2,23,2,6,2020
54276,4,1,1,2,1,0,10,1,1,1,1,4,3,0,1,2,60621,36.9,2017.0,30,2,23,2,6,2020
54277,4,1,1,1,1,0,1,1,1,1,1,4,3,0,1,2,60076,51.0,2020.0,30,2,23,2,6,2020
54278,4,1,1,2,1,0,10,1,1,1,1,4,3,0,1,2,60076,51.0,2017.0,30,2,23,2,6,2020
54294,2,1,1,3,1,1,1,1,0,7,1,4,3,0,0,1,60621,36.0,2012.0,30,2,3,2,6,2020
54295,2,1,1,2,1,1,5,1,0,1,1,4,3,0,0,1,60621,36.0,2010.0,30,2,3,2,6,2020
54296,2,1,1,3,1,1,1,1,0,7,1,4,3,0,0,1,60804,44.0,2012.0,30,2,3,2,6,2020
54297,2,1,1,2,1,1,5,1,0,1,1,4,3,0,0,1,60804,44.0,2010.0,30,2,3,2,6,2020
54503,1,1,1,4,1,2,1,1,1,1,1,4,3,0,0,1,0,36.0,2012.0,30,2,18,4,6,2020
54504,1,1,1,3,1,2,7,1,1,1,1,4,3,0,0,1,0,36.0,2016.0,30,2,18,4,6,2020
54505,1,1,1,4,1,2,1,1,1,1,1,4,3,0,1,1,60620,23.0,2012.0,30,2,18,4,6,2020
54506,1,1,1,3,1,2,7,1,1,1,1,4,3,0,1,1,60620,23.0,2016.0,30,2,18,4,6,2020
54533,1,1,1,7,1,0,8,6,1,1,1,2,1,0,1,2,60622,35.0,2011.0,30,2,7,3,6,2020
54573,1,1,1,3,1,2,7,2,1,1,1,3,1,0,0,0,60622,39.0,2019.0,30,2,13,3,6,2020
54586,1,1,1,3,1,1,3,1,1,1,1,4,3,0,0,2,60630,44.0,2017.0,30,2,14,3,6,2020
54587,1,1,1,3,1,1,1,2,1,1,1,4,3,0,0,2,60630,44.0,2002.0,30,2,14,3,6,2020
54588,1,1,1,3,1,1,3,1,1,1,1,4,3,0,1,2,0,36.9,2017.0,30,2,14,3,6,2020
54589,1,1,1,3,1,1,1,2,1,1,1,4,3,0,1,2,0,36.9,2002.0,30,2,14,3,6,2020
54623,1,1,1,4,1,1,-1,4,1,1,1,4,3,0,1,2,60632,36.9,1999.0,30,2,15,3,6,2020
54624,1,1,1,3,1,1,4,4,1,1,1,4,3,0,1,2,60632,36.9,2020.0,30,2,15,3,6,2020
54625,1,1,1,4,1,1,-1,4,1,1,1,4,3,0,0,2,60804,31.0,1999.0,30,2,15,3,6,2020
54626,1,1,1,3,1,1,4,4,1,1,1,4,3,0,0,2,60804,31.0,2020.0,30,2,15,3,6,2020
54655,1,1,1,4,1,1,6,1,1,1,1,3,3,0,0,0,60620,79.0,2017.0,30,2,14,3,6,2020
54856,1,1,1,4,1,2,12,4,1,1,1,3,2,0,1,0,60615,37.0,2015.0,30,2,20,3,6,2020
55129,1,1,1,3,1,2,9,5,1,1,3,4,3,0,0,0,60652,24.0,2019.0,30,5,13,4,6,2020
55130,1,1,1,3,1,2,1,5,1,2,3,4,3,0,0,0,60652,24.0,2018.0,30,5,13,4,6,2020
55131,1,1,1,1,1,2,2,5,1,2,3,4,3,0,0,0,60652,24.0,2010.0,30,5,13,4,6,2020
55180,1,1,1,2,1,1,3,2,1,1,1,4,3,0,1,0,60612,34.0,2007.0,30,2,15,4,6,2020
55181,1,1,1,4,1,1,7,3,1,9,1,4,3,0,1,0,60612,34.0,2018.0,30,2,15,4,6,2020
55182,1,1,1,2,1,1,3,2,1,1,1,4,3,0,1,0,60612,40.0,2007.0,30,2,15,4,6,2020
55183,1,1,1,4,1,1,7,3,1,9,1,4,3,0,1,0,60612,40.0,2018.0,30,2,15,4,6,2020
55297,1,1,1,1,1,2,2,3,1,1,1,3,1,1,1,0,60644,49.0,2017.0,30,2,17,4,6,2020
55345,1,1,1,1,1,2,1,9,0,1,1,4,3,0,1,1,60636,17.0,2008.0,30,2,18,4,6,2020
55347,1,1,1,1,1,2,1,9,0,1,1,2,3,0,0,1,60636,34.0,2008.0,30,2,18,4,6,2020
55536,1,1,1,1,1,1,1,1,1,2,1,3,3,0,0,0,60619,27.0,2012.0,35,2,19,4,6,2020
55802,1,1,1,3,1,2,10,1,1,1,1,3,3,0,0,0,60625,28.0,2011.0,30,2,17,5,6,2020
55932,1,1,1,4,1,1,1,1,1,1,1,4,3,0,0,2,60154,36.9,2000.0,30,2,19,5,6,2020
55934,1,1,1,4,1,1,1,1,1,1,1,0,3,0,1,2,60613,56.0,2000.0,30,2,19,5,6,2020
56279,1,1,1,4,1,1,5,1,1,4,1,4,3,0,0,2,60154,36.9,2020.0,30,2,11,6,6,2020
56280,1,1,1,1,1,1,1,1,1,3,1,4,3,0,0,2,60154,36.9,2004.0,30,2,11,6,6,2020
56281,1,1,1,4,1,1,5,1,1,4,1,4,3,0,1,2,60457,42.0,2020.0,30,2,11,6,6,2020
56282,1,1,1,1,1,1,1,1,1,3,1,4,3,0,1,2,60457,42.0,2004.0,30,2,11,6,6,2020
56404,1,1,1,5,1,1,1,2,1,-1,1,4,1,0,1,2,60154,36.9,2011.0,30,2,15,6,6,2020
56406,1,1,1,5,1,1,1,2,1,-1,1,0,1,0,1,2,60630,16.0,2011.0,30,2,15,6,6,2020
56685,1,1,1,4,1,2,6,4,1,1,1,3,3,0,1,0,60623,32.0,2008.0,30,2,18,6,6,2020
56686,1,1,1,4,1,2,5,4,1,1,1,3,3,0,1,0,60623,32.0,2015.0,30,2,18,6,6,2020
56702,1,-1,1,4,1,-1,5,2,0,1,1,2,3,0,1,2,60608,55.0,2007.0,30,2,18,6,6,2020
56704,1,-1,1,4,1,-1,5,2,0,1,1,4,3,0,0,2,60651,43.0,2007.0,30,2,18,6,6,2020
56785,2,1,1,3,0,0,-1,-1,1,1,1,4,3,0,0,3,60154,38.0,2010.0,30,2,23,6,6,2020
56787,2,1,1,3,0,0,-1,-1,1,1,1,0,3,0,1,3,54935,29.0,2010.0,30,2,23,6,6,2020
57364,1,1,1,3,1,2,1,1,0,1,1,4,3,0,1,0,60649,74.0,2004.0,30,2,14,7,6,2020
57365,1,1,1,4,1,2,11,1,0,1,1,4,3,0,1,0,60649,74.0,2011.0,30,2,14,7,6,2020
57390,1,1,1,3,1,6,1,2,1,3,1,4,1,0,1,2,54935,36.9,2011.0,30,2,15,7,6,2020
57392,1,1,1,3,1,6,1,2,1,3,1,0,1,0,1,2,60402,55.0,2011.0,30,2,15,7,6,2020
57401,1,1,1,4,1,0,3,7,1,1,1,3,2,0,1,0,60638,40.0,2014.0,30,2,16,7,6,2020
57462,1,1,1,4,1,1,3,1,1,1,1,3,2,0,0,0,60629,35.0,2020.0,35,2,17,7,6,2020
57533,1,1,1,1,1,1,2,1,1,1,1,3,2,0,1,0,60615,48.0,2001.0,30,2,18,7,6,2020
57624,4,1,1,1,1,0,1,1,0,6,1,4,3,0,0,2,54935,36.9,2011.0,30,2,21,7,6,2020
57625,4,1,1,2,1,0,-1,4,0,-1,1,4,3,0,1,2,60621,44.0,2011.0,30,2,21,7,6,2020
57626,4,1,1,1,1,0,1,1,0,6,1,4,3,0,1,2,60621,44.0,2011.0,30,2,21,7,6,2020
57721,2,1,1,6,1,1,1,2,1,1,1,4,3,0,0,3,0,38.0,2002.0,30,2,21,7,6,2020
57722,2,1,1,6,1,1,1,2,1,1,1,4,3,0,0,3,0,38.0,2002.0,30,2,21,7,6,2020
57723,2,1,1,4,1,1,-1,1,1,1,1,4,3,0,0,3,0,38.0,2013.0,30,2,21,7,6,2020
57724,2,1,1,4,1,1,-1,1,1,1,1,4,3,0,0,3,0,38.0,2013.0,30,2,21,7,6,2020
57725,2,1,1,6,1,1,1,2,1,1,1,4,3,0,1,3,60619,20.0,2002.0,30,2,21,7,6,2020
57726,2,1,1,6,1,1,1,2,1,1,1,4,3,0,1,3,60619,20.0,2002.0,30,2,21,7,6,2020
57727,2,1,1,4,1,1,-1,1,1,1,1,4,3,0,1,3,60619,20.0,2013.0,30,2,21,7,6,2020
57728,2,1,1,4,1,1,-1,1,1,1,1,4,3,0,1,3,60619,20.0,2013.0,30,2,21,7,6,2020
57733,2,1,1,6,1,1,1,2,1,1,1,4,3,0,1,3,60419,78.0,2002.0,30,2,21,7,6,2020
57734,2,1,1,6,1,1,1,2,1,1,1,4,3,0,1,3,60419,78.0,2002.0,30,2,21,7,6,2020
57735,2,1,1,4,1,1,-1,1,1,1,1,4,3,0,1,3,60419,78.0,2013.0,30,2,21,7,6,2020
57736,2,1,1,4,1,1,-1,1,1,1,1,4,3,0,1,3,60419,78.0,2013.0,30,2,21,7,6,2020
57737,2,1,1,6,1,1,1,2,1,1,1,4,3,0,1,3,60619,20.0,2002.0,30,2,21,7,6,2020
57738,2,1,1,6,1,1,1,2,1,1,1,4,3,0,1,3,60619,20.0,2002.0,30,2,21,7,6,2020
57739,2,1,1,4,1,1,-1,1,1,1,1,4,3,0,1,3,60619,20.0,2013.0,30,2,21,7,6,2020
57740,2,1,1,4,1,1,-1,1,1,1,1,4,3,0,1,3,60619,20.0,2013.0,30,2,21,7,6,2020
58201,1,1,1,1,1,0,-1,4,1,1,1,4,2,0,1,1,60160,32.0,2002.0,30,2,16,1,6,2020
58202,1,1,1,-1,1,0,-1,-1,1,-1,1,4,2,0,1,1,60160,32.0,2010.0,30,2,16,1,6,2020
58203,1,1,1,1,1,0,-1,4,1,1,1,4,2,0,0,1,60639,36.0,2002.0,30,2,16,1,6,2020
58204,1,1,1,-1,1,0,-1,-1,1,-1,1,4,2,0,0,1,60639,36.0,2010.0,30,2,16,1,6,2020
58513,2,1,1,1,1,1,6,1,1,2,1,4,3,0,1,3,60629,26.0,2017.0,30,2,21,1,6,2020
58514,2,1,1,4,1,1,1,1,1,3,1,4,3,0,1,3,60629,26.0,2010.0,30,2,21,1,6,2020
58515,2,1,1,1,1,1,6,1,1,2,1,4,3,0,0,3,60629,38.0,2017.0,30,2,21,1,6,2020
58516,2,1,1,4,1,1,1,1,1,3,1,4,3,0,0,3,60629,38.0,2010.0,30,2,21,1,6,2020
58532,2,1,1,4,1,2,1,1,1,1,1,4,3,0,1,0,60623,40.0,2016.0,30,2,23,1,6,2020
58746,1,1,1,1,1,1,7,1,1,1,1,3,2,0,0,0,60461,43.0,2017.0,30,2,16,1,6,2020
58747,1,1,1,1,1,1,10,1,1,1,1,3,2,0,0,0,60461,43.0,2017.0,30,2,16,1,6,2020
58796,3,1,1,4,0,1,2,3,1,2,1,3,2,0,0,0,60620,43.0,2019.0,30,2,1,7,6,2020
58925,1,1,1,4,1,1,6,1,1,2,1,4,3,0,0,0,60628,67.0,2020.0,35,2,13,2,6,2020
58926,1,1,1,1,1,1,1,1,1,2,1,4,3,0,0,0,60628,67.0,2016.0,35,2,13,2,6,2020
59152,1,1,1,2,1,0,10,1,1,4,1,4,3,0,0,0,60643,41.0,2010.0,25,2,14,2,6,2020
59153,1,1,1,1,1,0,1,1,1,1,1,4,3,0,0,0,60643,41.0,2010.0,25,2,14,2,6,2020
59419,1,1,1,2,1,2,3,1,1,1,1,3,3,0,1,0,60827,36.0,2011.0,35,2,6,3,6,2020
59459,1,1,1,3,1,2,1,1,1,7,1,3,3,0,0,0,60649,64.0,2005.0,30,2,15,2,6,2020
59460,1,1,1,3,1,2,2,1,1,1,1,3,3,0,0,0,60649,64.0,2018.0,30,2,15,2,6,2020
59681,1,1,1,8,1,1,4,1,1,1,1,3,3,0,0,0,60632,21.0,2003.0,30,2,12,3,6,2020
60310,2,2,2,4,1,1,1,1,1,-1,1,4,3,0,0,3,0,38.0,2010.0,30,3,20,3,6,2020
60311,2,2,2,3,1,1,5,1,1,1,1,4,3,0,0,3,0,38.0,2007.0,30,3,20,3,6,2020
60312,2,2,2,3,1,1,5,1,1,5,1,4,3,0,0,3,0,38.0,2017.0,30,3,20,3,6,2020
60313,2,2,2,4,1,1,1,1,1,-1,1,4,3,0,0,3,60628,47.0,2010.0,30,3,20,3,6,2020
60314,2,2,2,3,1,1,5,1,1,1,1,4,3,0,0,3,60628,47.0,2007.0,30,3,20,3,6,2020
60315,2,2,2,3,1,1,5,1,1,5,1,4,3,0,0,3,60628,47.0,2017.0,30,3,20,3,6,2020
60316,2,2,2,4,1,1,1,1,1,-1,1,4,3,0,1,3,60428,70.0,2010.0,30,3,20,3,6,2020
60317,2,2,2,3,1,1,5,1,1,1,1,4,3,0,1,3,60428,70.0,2007.0,30,3,20,3,6,2020
60318,2,2,2,3,1,1,5,1,1,5,1,4,3,0,1,3,60428,70.0,2017.0,30,3,20,3,6,2020
60361,3,2,1,2,0,2,3,1,1,-1,1,4,3,0,0,2,60628,36.9,2011.0,30,3,22,3,6,2020
60362,3,2,1,3,0,2,1,1,1,1,1,4,3,0,0,2,60628,36.9,2012.0,30,3,22,3,6,2020
60363,3,2,1,3,0,2,7,5,1,1,2,4,3,0,0,2,60628,36.9,2005.0,30,3,22,3,6,2020
60364,3,2,1,2,0,2,3,1,1,-1,1,4,3,0,1,2,60621,28.0,2011.0,30,3,22,3,6,2020
60365,3,2,1,3,0,2,1,1,1,1,1,4,3,0,1,2,60621,28.0,2012.0,30,3,22,3,6,2020
60366,3,2,1,3,0,2,7,5,1,1,2,4,3,0,1,2,60621,28.0,2005.0,30,3,22,3,6,2020
60648,1,1,1,6,1,1,8,2,1,1,1,3,3,0,1,0,60632,25.0,2011.0,30,2,11,4,6,2020
60875,1,1,1,3,1,1,2,1,1,1,1,4,2,0,1,0,60613,29.0,2014.0,30,2,15,4,6,2020
61089,1,1,1,3,1,1,8,2,1,1,1,4,3,0,0,0,60643,26.0,2002.0,35,2,18,4,6,2020
61090,1,1,1,1,1,1,1,1,1,1,1,4,3,0,0,0,60643,26.0,2001.0,35,2,18,4,6,2020
61091,1,1,1,3,1,1,8,2,1,1,1,4,3,0,0,0,60620,62.0,2002.0,35,2,18,4,6,2020
61092,1,1,1,1,1,1,1,1,1,1,1,4,3,0,0,0,60620,62.0,2001.0,35,2,18,4,6,2020
61100,1,1,2,3,1,1,9,1,1,1,1,3,3,0,1,0,60632,22.0,2014.0,30,2,19,4,6,2020
61139,1,1,1,3,1,1,2,3,1,1,1,3,3,0,1,0,60608,40.0,2020.0,30,2,18,4,6,2020
61152,4,-1,1,4,1,2,6,1,1,1,1,4,3,0,0,0,60426,24.0,2011.0,35,2,20,4,6,2020
61237,2,2,1,4,1,1,2,3,1,1,1,3,3,0,0,0,60645,39.0,2018.0,30,2,21,4,6,2020
61430,2,1,1,2,1,1,2,1,1,1,1,4,3,0,0,2,60645,36.9,2009.0,30,2,0,4,6,2020
61431,2,1,1,2,1,1,1,1,1,-1,1,4,3,0,1,2,60130,55.0,2011.0,30,2,0,4,6,2020
61432,2,1,1,2,1,1,2,1,1,1,1,4,3,0,1,2,60130,55.0,2009.0,30,2,0,4,6,2020
61664,1,1,1,6,1,1,6,2,1,1,1,3,1,0,1,0,60608,22.0,2015.0,35,2,13,5,6,2020
61769,1,1,1,3,1,1,4,1,1,1,1,3,3,0,0,0,60077,28.0,2008.0,30,2,15,5,6,2020
62282,2,1,1,1,1,2,-1,-1,1,-1,1,4,2,0,0,1,60608,36.0,2010.0,30,3,21,5,6,2020
62283,2,1,1,2,1,2,6,2,1,1,1,4,2,0,0,1,60608,36.0,2008.0,30,3,21,5,6,2020
62284,2,1,1,4,1,2,1,7,1,4,1,4,2,0,0,1,60608,36.0,2001.0,30,3,21,5,6,2020
62285,2,1,1,1,1,2,-1,-1,1,-1,1,4,2,0,1,1,60608,36.0,2010.0,30,3,21,5,6,2020
62286,2,1,1,2,1,2,6,2,1,1,1,4,2,0,1,1,60608,36.0,2008.0,30,3,21,5,6,2020
62287,2,1,1,4,1,2,1,7,1,4,1,4,2,0,1,1,60608,36.0,2001.0,30,3,21,5,6,2020
62288,2,1,1,1,1,2,-1,-1,1,-1,1,4,2,0,1,1,60608,46.0,2010.0,30,3,21,5,6,2020
62289,2,1,1,2,1,2,6,2,1,1,1,4,2,0,1,1,60608,46.0,2008.0,30,3,21,5,6,2020
62290,2,1,1,4,1,2,1,7,1,4,1,4,2,0,1,1,60608,46.0,2001.0,30,3,21,5,6,2020
62315,5,1,1,3,1,0,2,1,1,1,1,3,2,0,1,0,60649,57.0,2014.0,30,3,20,5,6,2020
62316,5,1,1,3,1,0,2,1,1,1,1,3,2,0,1,0,60649,57.0,2008.0,30,3,20,5,6,2020
62318,5,1,1,3,1,0,2,1,1,1,1,3,2,0,0,0,60617,63.0,2014.0,30,3,20,5,6,2020
62319,5,1,1,3,1,0,2,1,1,1,1,3,2,0,0,0,60617,63.0,2008.0,30,3,20,5,6,2020
62342,2,1,1,3,1,1,2,1,1,1,1,3,3,0,1,0,60645,29.0,2013.0,30,3,21,5,6,2020
62343,2,1,1,3,1,1,4,1,1,2,1,3,3,0,1,0,60645,29.0,2019.0,30,3,21,5,6,2020
62345,2,1,1,3,1,1,2,1,1,1,1,3,3,0,0,0,60193,30.0,2013.0,30,3,21,5,6,2020
62346,2,1,1,3,1,1,4,1,1,2,1,3,3,0,0,0,60193,30.0,2019.0,30,3,21,5,6,2020
62536,1,1,1,4,1,2,1,1,1,1,1,4,3,0,1,1,60637,36.0,2014.0,30,2,8,6,6,2020
62537,1,1,1,1,1,2,1,1,1,1,1,4,3,0,1,1,60637,36.0,2016.0,30,2,8,6,6,2020
62538,1,1,1,4,1,2,1,1,1,1,1,4,3,0,0,1,60620,55.0,2014.0,30,2,8,6,6,2020
62539,1,1,1,1,1,2,1,1,1,1,1,4,3,0,0,1,60620,55.0,2016.0,30,2,8,6,6,2020
62672,1,1,1,1,1,0,7,1,1,1,1,3,3,0,0,0,60629,64.0,2011.0,30,2,9,6,6,2020
63160,1,1,1,2,0,1,2,1,1,1,1,3,1,0,0,0,60644,42.0,2019.0,30,2,16,6,6,2020
63268,1,1,1,1,1,2,6,1,1,-1,1,4,3,0,0,1,0,36.0,2014.0,30,2,17,6,6,2020
63269,1,1,1,4,1,2,1,1,1,-1,1,4,3,0,0,1,60632,33.0,2010.0,30,2,17,6,6,2020
63270,1,1,1,1,1,2,6,1,1,-1,1,4,3,0,0,1,60632,33.0,2014.0,30,2,17,6,6,2020
63290,1,1,1,2,1,1,-1,-1,1,-1,1,0,1,0,1,3,60632,15.0,2010.0,30,2,18,6,6,2020
63401,1,1,1,2,1,1,3,1,1,1,1,3,2,0,0,0,60636,29.0,2002.0,30,2,19,6,6,2020
63488,2,1,1,3,1,2,7,1,1,1,1,4,3,0,1,0,60629,29.0,2010.0,30,3,21,6,6,2020
63489,2,1,1,1,1,2,1,1,1,1,1,4,3,0,1,0,60629,29.0,2007.0,30,3,21,6,6,2020
63491,2,1,1,3,1,2,7,1,1,1,1,4,3,0,1,0,60652,19.0,2010.0,30,3,21,6,6,2020
63492,2,1,1,1,1,2,1,1,1,1,1,4,3,0,1,0,60652,19.0,2007.0,30,3,21,6,6,2020
63505,2,1,1,2,1,2,1,1,1,1,1,4,3,0,1,1,0,36.0,2014.0,30,2,21,6,6,2020
63506,2,1,1,3,1,2,6,1,1,2,1,4,3,0,1,1,0,36.0,2008.0,30,2,21,6,6,2020
63507,2,1,1,2,1,2,1,1,1,1,1,4,3,0,1,1,60031,32.0,2014.0,30,2,21,6,6,2020
63508,2,1,1,3,1,2,6,1,1,2,1,4,3,0,1,1,60031,32.0,2008.0,30,2,21,6,6,2020
63564,2,1,1,4,1,0,3,2,1,-1,1,0,3,2,1,3,60652,68.0,2010.0,30,2,22,6,6,2020
63607,2,1,1,1,1,1,2,1,1,2,1,3,3,0,1,0,60632,25.0,2016.0,30,2,0,7,6,2020
63645,2,1,1,2,1,1,8,3,1,1,1,4,1,0,1,1,60632,36.0,2015.0,30,2,1,7,6,2020
63646,2,1,1,2,1,1,1,1,1,1,1,4,1,0,1,1,60419,35.0,2010.0,30,2,1,7,6,2020
63647,2,1,1,2,1,1,8,3,1,1,1,4,1,0,1,1,60419,35.0,2015.0,30,2,1,7,6,2020
63705,2,1,1,4,1,1,1,1,1,1,1,4,3,0,0,1,60632,36.0,2013.0,30,2,3,7,6,2020
63706,2,1,1,1,1,1,4,1,1,1,1,4,3,0,0,1,60632,36.0,2015.0,30,2,3,7,6,2020
63707,2,1,1,4,1,1,1,1,1,1,1,4,3,0,0,1,60651,44.0,2013.0,30,2,3,7,6,2020
63708,2,1,1,1,1,1,4,1,1,1,1,4,3,0,0,1,60651,44.0,2015.0,30,2,3,7,6,2020
63911,3,1,1,4,1,1,2,1,1,1,1,3,2,0,1,0,60629,44.0,2015.0,30,2,21,6,6,2020
63938,1,1,1,1,1,2,2,1,1,1,1,3,3,0,1,0,60449,63.0,2004.0,30,2,11,7,6,2020
63980,1,1,1,3,1,1,1,1,1,1,1,4,3,0,1,1,60449,28.0,2007.0,30,2,10,7,6,2020
63981,1,1,1,4,1,1,6,1,1,2,1,4,3,0,1,1,60449,28.0,2018.0,30,2,10,7,6,2020
63982,1,1,1,3,1,1,1,1,1,1,1,4,3,0,0,1,60449,36.0,2007.0,30,2,10,7,6,2020
63983,1,1,1,4,1,1,6,1,1,2,1,4,3,0,0,1,60449,36.0,2018.0,30,2,10,7,6,2020
64258,1,1,1,2,1,1,-1,2,1,1,1,4,1,0,0,1,60449,36.0,2010.0,30,2,16,7,6,2020
64260,1,1,1,2,1,1,-1,2,1,1,1,2,1,0,1,1,38573,23.0,2010.0,30,2,16,7,6,2020
64392,1,1,1,2,1,1,12,1,1,1,1,3,2,0,1,0,60629,25.0,2006.0,30,2,17,7,6,2020
64393,1,1,1,2,1,1,6,4,1,1,1,3,2,0,0,0,60629,71.0,2015.0,30,2,17,7,6,2020
64394,1,1,1,2,1,1,12,1,1,1,1,3,2,0,0,0,60629,71.0,2006.0,30,2,17,7,6,2020
64448,1,1,1,3,1,1,-1,11,1,1,1,4,3,0,1,1,60607,36.0,2010.0,30,2,18,7,6,2020
64449,1,1,1,1,1,1,3,1,1,1,1,4,3,0,1,1,60607,36.0,2014.0,30,2,18,7,6,2020