index,LIGHTING_CONDITION,ROADWAY_SURFACE_COND,WEATHER_CONDITION,TRAVEL_DIRECTION,INTERSECTION_RELATED,TRAFFIC_CONTROL_DEVICE,FIRST_CONTACT_POINT,MANEUVER,HIT_AND_RUN,VEHICLE_TYPE,UNIT_TYPE,FATAL_COND,DAMAGE_COST,BAC_RESULT,SEX,FATAL_DEGREE,ZIPCODE,AGE,VEHICLE_YEAR,POSTED_SPEED_LIMIT,NUM_UNITS,CRASH_HOUR,CRASH_DAY_OF_WEEK,CRASH_MONTH,CRASH_YEAR
64450,1,1,1,3,1,1,-1,11,1,1,1,4,3,0,0,1,60607,28.0,2010.0,30,2,18,7,6,2020
64451,1,1,1,1,1,1,3,1,1,1,1,4,3,0,0,1,60607,28.0,2014.0,30,2,18,7,6,2020
64522,1,1,1,5,1,1,10,2,1,2,1,4,3,0,0,2,60607,36.9,2011.0,30,2,17,7,6,2020
64523,1,1,1,7,1,1,11,1,1,1,1,4,3,0,0,2,60607,36.9,2012.0,30,2,17,7,6,2020
64524,1,1,1,5,1,1,10,2,1,2,1,4,3,0,1,2,7029,28.0,2011.0,30,2,17,7,6,2020
64525,1,1,1,7,1,1,11,1,1,1,1,4,3,0,1,2,7029,28.0,2012.0,30,2,17,7,6,2020
64600,1,1,1,4,1,2,-1,1,1,1,1,4,3,0,0,2,60607,36.9,2011.0,30,2,15,7,6,2020
64602,1,1,1,4,1,2,-1,1,1,1,1,0,3,0,1,2,60607,11.0,2011.0,30,2,15,7,6,2020
64643,1,1,1,1,1,1,-1,1,1,1,1,4,3,0,1,2,60607,36.9,2017.0,30,2,16,7,6,2020
64644,1,1,1,1,1,1,2,1,1,1,1,4,3,0,1,2,60607,36.9,2011.0,30,2,16,7,6,2020
64645,1,1,1,1,1,1,-1,1,1,1,1,4,3,0,1,2,60609,42.0,2017.0,30,2,16,7,6,2020
64646,1,1,1,1,1,1,2,1,1,1,1,4,3,0,1,2,60609,42.0,2011.0,30,2,16,7,6,2020
64667,3,1,1,3,1,1,-1,1,1,-1,1,4,3,0,0,2,0,36.9,2011.0,30,2,20,7,6,2020
64668,3,1,1,5,1,1,4,2,1,1,1,4,3,0,0,2,0,36.9,2009.0,30,2,20,7,6,2020
64669,3,1,1,3,1,1,-1,1,1,-1,1,4,3,0,0,2,60628,34.0,2011.0,30,2,20,7,6,2020
64670,3,1,1,5,1,1,4,2,1,1,1,4,3,0,0,2,60628,34.0,2009.0,30,2,20,7,6,2020
64725,2,1,1,1,0,1,2,1,1,1,1,3,1,0,0,0,60644,22.0,2013.0,30,2,22,7,6,2020
64735,1,1,1,4,1,1,1,9,1,1,1,3,3,0,1,0,60467,44.0,2014.0,30,2,16,7,6,2020
64914,2,1,1,2,1,1,1,1,1,1,1,4,3,0,1,0,60621,34.0,2004.0,30,2,2,1,6,2020
64915,2,1,1,1,1,1,12,1,1,3,1,4,3,0,1,0,60621,34.0,2001.0,30,2,2,1,6,2020
65014,1,1,1,8,1,1,1,1,1,1,1,4,3,0,1,1,0,22.0,2011.0,30,2,6,1,6,2020
65015,1,1,1,1,1,1,6,1,1,1,1,4,3,0,1,1,0,22.0,2017.0,30,2,6,1,6,2020
65016,1,1,1,8,1,1,1,1,1,1,1,4,3,0,0,1,0,36.0,2011.0,30,2,6,1,6,2020
65017,1,1,1,1,1,1,6,1,1,1,1,4,3,0,0,1,0,36.0,2017.0,30,2,6,1,6,2020
65029,1,1,1,1,1,2,11,1,1,1,1,4,3,0,1,2,0,36.9,2016.0,30,2,7,1,6,2020
65030,1,1,1,4,1,2,4,1,1,1,1,4,3,0,1,2,0,36.9,2018.0,30,2,7,1,6,2020
65031,1,1,1,1,1,2,11,1,1,1,1,4,3,0,0,2,60628,45.0,2016.0,30,2,7,1,6,2020
65032,1,1,1,4,1,2,4,1,1,1,1,4,3,0,0,2,60628,45.0,2018.0,30,2,7,1,6,2020
65042,1,1,1,2,1,1,-1,1,1,3,1,4,2,0,1,2,0,36.9,2011.0,35,2,7,1,6,2020
65043,1,1,1,3,1,1,4,1,1,1,1,4,2,0,1,2,0,36.9,2015.0,35,2,7,1,6,2020
65044,1,1,1,2,1,1,-1,1,1,3,1,4,2,0,0,2,60626,32.0,2011.0,35,2,7,1,6,2020
65045,1,1,1,3,1,1,4,1,1,1,1,4,2,0,0,2,60626,32.0,2015.0,35,2,7,1,6,2020
65098,1,1,1,2,1,2,0,1,1,2,1,4,1,0,0,3,60609,38.0,2012.0,30,2,7,7,6,2020
65100,1,1,1,2,1,2,0,1,1,2,1,4,1,0,0,3,60609,38.0,2012.0,30,2,7,7,6,2020
65102,1,1,1,2,1,2,0,1,1,2,1,0,1,0,1,3,60608,65.0,2012.0,30,2,7,7,6,2020
65104,1,1,1,2,1,2,0,1,1,2,1,0,1,0,1,3,60608,65.0,2012.0,30,2,7,7,6,2020
65106,1,1,1,2,1,2,0,1,1,2,1,4,1,0,0,3,60632,20.0,2012.0,30,2,7,7,6,2020
65108,1,1,1,2,1,2,0,1,1,2,1,4,1,0,0,3,60632,20.0,2012.0,30,2,7,7,6,2020
65110,1,1,1,2,1,2,0,1,1,2,1,0,1,0,1,3,60608,65.0,2012.0,30,2,7,7,6,2020
65112,1,1,1,2,1,2,0,1,1,2,1,0,1,0,1,3,60608,65.0,2012.0,30,2,7,7,6,2020
65120,1,1,1,1,1,1,5,1,0,3,1,4,2,0,1,0,60439,59.0,2019.0,30,3,9,1,6,2020
65121,1,1,1,4,1,1,1,3,0,1,1,4,2,0,1,0,60439,59.0,2004.0,30,3,9,1,6,2020
65185,2,1,-1,1,1,1,2,1,1,7,1,3,3,0,0,0,60428,37.0,2019.0,30,2,2,1,6,2020
65727,1,1,1,2,1,1,1,1,1,1,1,4,3,0,1,1,0,36.0,2017.0,30,2,17,1,6,2020
65728,1,1,1,2,1,1,2,1,1,1,1,4,3,0,1,1,0,36.0,2014.0,30,2,17,1,6,2020
65729,1,1,1,2,1,1,1,1,1,1,1,4,3,0,1,1,60654,72.0,2017.0,30,2,17,1,6,2020
65730,1,1,1,2,1,1,2,1,1,1,1,4,3,0,1,1,60654,72.0,2014.0,30,2,17,1,6,2020
65739,1,2,3,3,1,2,1,1,1,1,1,4,3,0,0,2,0,36.9,2013.0,30,2,18,3,6,2020
65740,1,2,3,2,1,2,9,1,1,1,1,4,3,0,0,2,0,36.9,2013.0,30,2,18,3,6,2020
65741,1,2,3,3,1,2,1,1,1,1,1,4,3,0,0,2,60623,56.0,2013.0,30,2,18,3,6,2020
65742,1,2,3,2,1,2,9,1,1,1,1,4,3,0,0,2,60623,56.0,2013.0,30,2,18,3,6,2020
65805,1,1,1,1,1,2,3,7,1,1,1,4,3,0,1,0,60133,34.0,2013.0,30,3,19,1,6,2020
65806,1,1,1,1,1,2,3,7,1,3,1,4,3,0,1,0,60133,34.0,2010.0,30,3,19,1,6,2020
65808,1,1,1,1,1,2,3,7,1,1,1,4,3,0,1,0,60632,39.0,2013.0,30,3,19,1,6,2020
65809,1,1,1,1,1,2,3,7,1,3,1,4,3,0,1,0,60632,39.0,2010.0,30,3,19,1,6,2020
65848,1,1,1,7,1,1,1,2,1,1,1,4,3,0,0,2,0,36.9,2011.0,40,2,18,1,6,2020
65850,1,1,1,1,1,1,1,1,1,6,1,4,3,0,0,2,0,36.9,2019.0,40,2,18,1,6,2020
65851,1,1,1,1,1,1,1,1,1,6,1,4,3,0,0,2,0,36.9,2019.0,40,2,18,1,6,2020
65852,1,1,1,7,1,1,1,2,1,1,1,4,3,0,1,2,60605,28.0,2011.0,40,2,18,1,6,2020
65853,1,1,1,7,1,1,1,2,1,1,1,4,3,0,1,2,60605,28.0,2011.0,40,2,18,1,6,2020
65854,1,1,1,1,1,1,1,1,1,6,1,4,3,0,1,2,60605,28.0,2019.0,40,2,18,1,6,2020
65855,1,1,1,1,1,1,1,1,1,6,1,4,3,0,1,2,60605,28.0,2019.0,40,2,18,1,6,2020
65856,1,1,1,7,1,1,1,2,1,1,1,4,3,0,0,2,0,36.9,2011.0,40,2,18,1,6,2020
65858,1,1,1,1,1,1,1,1,1,6,1,4,3,0,0,2,0,36.9,2019.0,40,2,18,1,6,2020
65859,1,1,1,1,1,1,1,1,1,6,1,4,3,0,0,2,0,36.9,2019.0,40,2,18,1,6,2020
65860,1,1,1,7,1,1,1,2,1,1,1,4,3,0,1,2,60605,28.0,2011.0,40,2,18,1,6,2020
65861,1,1,1,7,1,1,1,2,1,1,1,4,3,0,1,2,60605,28.0,2011.0,40,2,18,1,6,2020
65862,1,1,1,1,1,1,1,1,1,6,1,4,3,0,1,2,60605,28.0,2019.0,40,2,18,1,6,2020
65863,1,1,1,1,1,1,1,1,1,6,1,4,3,0,1,2,60605,28.0,2019.0,40,2,18,1,6,2020
65935,1,1,1,4,1,1,1,2,1,1,1,4,3,0,1,0,60628,47.0,2014.0,30,2,19,1,6,2020
66174,1,1,1,4,1,1,7,1,1,1,1,4,3,0,1,2,0,36.9,2016.0,30,2,7,2,6,2020
66175,1,1,1,1,1,1,11,1,1,1,1,4,3,0,0,2,60643,55.0,2011.0,30,2,7,2,6,2020
66176,1,1,1,4,1,1,7,1,1,1,1,4,3,0,0,2,60643,55.0,2016.0,30,2,7,2,6,2020
66298,1,1,1,4,1,0,1,1,1,1,1,0,1,0,1,3,60612,40.0,2010.0,35,2,10,2,6,2020
66397,1,1,1,3,1,0,1,1,1,3,1,4,2,0,1,2,0,36.9,2011.0,25,2,12,2,6,2020
66399,1,1,1,3,1,0,1,1,1,3,1,2,2,0,1,2,60612,30.0,2011.0,25,2,12,2,6,2020
66516,1,1,1,2,1,2,-1,1,1,2,1,3,3,0,0,0,60647,23.0,2014.0,30,2,14,2,6,2020
66517,1,1,1,4,1,2,9,1,1,2,1,3,3,0,0,0,60647,23.0,2014.0,30,2,14,2,6,2020
66672,1,1,1,3,1,2,8,1,1,1,1,3,1,0,1,0,60406,32.0,2016.0,35,3,15,2,6,2020
66926,1,1,1,2,1,2,5,2,1,1,1,4,3,0,1,0,60126,55.0,2017.0,30,2,17,2,6,2020
66952,3,1,-1,4,1,4,1,1,0,-1,1,4,3,0,0,2,0,36.9,2011.0,25,2,10,7,6,2020
66954,3,1,-1,4,1,4,1,1,0,-1,1,0,3,0,0,2,60647,18.0,2011.0,25,2,10,7,6,2020
67159,1,1,1,2,1,1,3,4,1,2,1,3,3,0,0,0,60615,51.0,2018.0,30,2,14,2,6,2020
67160,1,1,1,4,1,1,2,1,1,1,1,3,3,0,0,0,60615,51.0,2008.0,30,2,14,2,6,2020
67309,2,1,1,3,1,1,6,1,1,1,1,3,3,0,0,0,60652,59.0,2009.0,35,2,22,2,6,2020
67660,1,1,1,4,1,2,6,1,1,1,1,3,3,0,0,0,60620,21.0,2017.0,30,2,14,3,6,2020
67758,1,1,1,6,1,1,6,4,0,4,1,3,1,0,1,0,60638,52.0,2019.0,30,2,15,3,6,2020
68104,1,1,1,7,1,1,1,2,1,4,1,3,3,0,1,0,60618,29.0,1977.0,30,2,19,3,6,2020
68122,3,1,1,2,1,1,-1,2,1,-1,1,4,1,0,1,2,60618,36.9,2015.0,30,2,21,3,6,2020
68124,3,1,1,2,1,1,-1,2,1,-1,1,0,1,0,1,2,60618,63.0,2015.0,30,2,21,3,6,2020
68149,2,1,1,4,1,1,8,1,1,1,1,3,3,0,1,0,60609,21.0,2004.0,30,2,22,3,6,2020
68236,2,1,1,3,1,1,1,1,1,2,1,3,3,0,1,0,60126,62.0,2015.0,30,2,1,4,6,2020
68237,2,1,1,3,1,1,2,1,1,2,1,3,3,0,1,0,60126,62.0,2005.0,30,2,1,4,6,2020
68240,2,1,1,1,1,2,1,1,1,1,1,4,3,0,1,1,60406,40.0,2001.0,30,2,2,4,6,2020
68241,2,1,1,4,1,2,9,1,1,-1,1,4,3,0,1,1,60406,40.0,2014.0,30,2,2,4,6,2020
68242,2,1,1,1,1,2,1,1,1,1,1,4,3,0,1,1,60624,36.0,2001.0,30,2,2,4,6,2020
68243,2,1,1,4,1,2,9,1,1,-1,1,4,3,0,1,1,60624,36.0,2014.0,30,2,2,4,6,2020
68260,2,1,1,1,1,1,3,2,1,-1,1,4,3,0,0,2,60624,36.9,2009.0,30,2,4,4,6,2020
68264,2,1,1,1,1,1,3,2,1,-1,1,0,3,0,1,2,60624,21.0,2009.0,30,2,4,4,6,2020
68266,2,1,1,1,1,1,-1,2,1,-1,1,0,3,0,1,2,60624,21.0,2011.0,30,2,4,4,6,2020
68268,2,1,1,1,1,1,3,2,1,-1,1,4,3,0,0,2,60624,36.9,2009.0,30,2,4,4,6,2020
68272,2,1,1,1,1,1,3,2,1,-1,1,0,3,0,1,2,60624,21.0,2009.0,30,2,4,4,6,2020
68274,2,1,1,1,1,1,-1,2,1,-1,1,0,3,0,1,2,60624,21.0,2011.0,30,2,4,4,6,2020
68329,1,1,1,3,1,2,1,1,1,4,1,4,3,0,1,0,60477,36.0,1996.0,30,2,7,4,6,2020
68330,1,1,1,2,1,2,9,4,1,7,1,4,3,0,1,0,60477,36.0,2019.0,30,2,7,4,6,2020
68925,1,1,1,8,1,0,3,2,0,-1,1,2,1,0,1,2,60620,16.0,2011.0,30,2,18,4,6,2020
68934,4,1,1,2,1,1,6,1,1,1,1,3,2,0,0,0,60612,72.0,2014.0,30,2,19,4,6,2020
68982,2,1,1,3,1,1,1,11,1,1,1,4,3,0,0,2,60612,36.9,2018.0,30,2,22,4,6,2020
68983,2,1,1,1,1,1,1,3,1,1,1,4,3,0,0,2,60612,36.9,2019.0,30,2,22,4,6,2020
68984,2,1,1,3,1,1,1,11,1,1,1,4,3,0,0,2,60438,37.0,2018.0,30,2,22,4,6,2020
68985,2,1,1,1,1,1,1,3,1,1,1,4,3,0,0,2,60438,37.0,2019.0,30,2,22,4,6,2020
69042,2,1,1,3,1,1,4,2,1,2,1,4,3,0,0,2,60612,36.9,2007.0,30,2,22,4,6,2020
69043,2,1,1,2,1,1,1,1,1,2,1,4,3,0,0,2,60612,36.9,2010.0,30,2,22,4,6,2020
69044,2,1,1,3,1,1,4,2,1,2,1,4,3,0,0,2,60644,37.0,2007.0,30,2,22,4,6,2020
69045,2,1,1,2,1,1,1,1,1,2,1,4,3,0,0,2,60644,37.0,2010.0,30,2,22,4,6,2020
69080,-1,-1,-1,3,1,1,1,2,1,1,1,4,3,0,1,2,60644,36.9,2011.0,30,2,7,7,6,2020
69082,-1,-1,-1,3,1,1,1,2,1,1,1,0,3,0,1,2,60609,19.0,2011.0,30,2,7,7,6,2020
69188,1,1,1,2,1,2,10,4,1,8,1,3,3,0,1,0,62512,37.0,2019.0,30,2,7,5,6,2020
69229,2,1,1,2,0,1,2,3,1,2,1,3,2,0,0,0,60425,43.0,2012.0,35,3,22,4,6,2020
69248,1,1,1,2,1,2,1,1,1,1,1,4,3,0,0,2,60621,36.9,2001.0,30,2,10,5,6,2020
69250,1,1,1,2,1,2,1,1,1,1,1,0,3,0,0,2,60639,50.0,2001.0,30,2,10,5,6,2020
70191,1,1,1,3,1,1,1,1,1,1,1,3,2,0,1,0,60619,64.0,2011.0,25,2,6,6,6,2020
70198,1,1,1,3,1,2,3,1,1,1,1,3,2,0,0,0,60629,32.0,2017.0,30,2,6,6,6,2020
70270,2,1,1,3,1,1,3,1,1,1,1,3,3,0,1,0,60624,29.0,2004.0,30,2,21,5,6,2020
70378,1,1,1,2,1,1,1,4,1,2,1,4,3,0,1,1,60639,40.0,2010.0,35,2,10,6,6,2020
70379,1,1,1,3,1,1,6,1,1,7,1,4,3,0,1,1,60639,40.0,2019.0,35,2,10,6,6,2020
70684,1,1,1,2,1,1,9,1,1,1,1,3,3,0,0,0,60628,68.0,2018.0,30,2,14,6,6,2020
70764,1,1,1,4,1,1,1,1,1,1,1,4,2,0,0,1,60706,36.0,2010.0,30,2,15,6,6,2020
70765,1,1,1,4,1,1,2,1,1,4,1,4,2,0,0,1,60706,36.0,2010.0,30,2,15,6,6,2020
70766,1,1,1,4,1,1,1,1,1,1,1,4,2,1,1,1,46385,47.0,2010.0,30,2,15,6,6,2020
70767,1,1,1,4,1,1,2,1,1,4,1,4,2,1,1,1,46385,47.0,2010.0,30,2,15,6,6,2020
70779,1,1,1,8,1,1,5,1,1,1,1,4,3,0,0,1,60706,36.0,2003.0,30,3,15,6,6,2020
70780,1,1,1,1,1,1,3,1,1,1,1,4,3,0,0,1,60706,36.0,2019.0,30,3,15,6,6,2020
70781,1,1,1,1,1,1,1,1,1,4,1,4,3,0,0,1,60612,58.0,2010.0,30,3,15,6,6,2020
70782,1,1,1,8,1,1,5,1,1,1,1,4,3,0,0,1,60612,58.0,2003.0,30,3,15,6,6,2020
70783,1,1,1,1,1,1,3,1,1,1,1,4,3,0,0,1,60612,58.0,2019.0,30,3,15,6,6,2020
70784,1,1,1,1,1,1,1,1,1,4,1,4,3,0,1,1,60409,52.0,2010.0,30,3,15,6,6,2020
70785,1,1,1,8,1,1,5,1,1,1,1,4,3,0,1,1,60409,52.0,2003.0,30,3,15,6,6,2020
70786,1,1,1,1,1,1,3,1,1,1,1,4,3,0,1,1,60409,52.0,2019.0,30,3,15,6,6,2020
70794,2,1,1,1,1,1,2,10,1,1,1,3,2,0,1,0,60637,49.0,2011.0,30,2,23,5,6,2020
70795,2,1,1,3,1,1,1,1,1,1,1,3,2,0,1,0,60637,49.0,2018.0,30,2,23,5,6,2020
70991,1,1,1,1,1,1,4,6,0,1,1,3,2,0,1,0,60612,18.0,2013.0,30,2,17,6,6,2020
70992,1,1,1,1,1,1,9,3,0,1,1,3,2,0,1,0,60612,18.0,2018.0,30,2,17,6,6,2020
70993,1,1,1,1,1,1,4,6,0,1,1,3,2,0,1,0,60620,23.0,2013.0,30,2,17,6,6,2020
70994,1,1,1,1,1,1,9,3,0,1,1,3,2,0,1,0,60620,23.0,2018.0,30,2,17,6,6,2020
71218,4,1,1,2,1,2,4,1,1,3,1,3,1,0,1,0,60653,68.0,2002.0,30,2,19,6,6,2020
71328,3,1,1,5,1,1,6,1,1,1,1,4,3,0,1,1,0,36.0,2010.0,35,2,23,6,6,2020
71329,3,1,1,1,1,1,-1,6,1,1,1,4,3,0,0,1,60609,25.0,2010.0,35,2,23,6,6,2020
71330,3,1,1,5,1,1,6,1,1,1,1,4,3,0,0,1,60609,25.0,2010.0,35,2,23,6,6,2020
71339,2,1,1,-1,1,1,-1,-1,1,-1,1,0,3,0,1,3,60426,64.0,2010.0,30,2,23,6,6,2020
71384,2,1,1,3,1,1,1,1,1,-1,1,4,1,0,0,2,0,36.9,2017.0,35,2,0,7,6,2020
71386,2,1,1,3,1,1,1,1,1,-1,1,2,1,2,1,2,60623,29.0,2017.0,35,2,0,7,6,2020
71625,1,1,1,2,1,1,2,3,1,1,1,3,3,0,1,0,60634,27.0,2014.0,30,2,8,7,6,2020
71744,1,1,1,3,1,1,4,1,1,1,1,4,3,0,1,0,60805,41.0,2007.0,30,2,9,7,6,2020
72041,1,1,1,3,1,1,6,1,1,1,1,3,2,0,1,0,60629,30.0,2001.0,30,2,13,6,6,2020
72062,1,1,1,2,1,2,3,1,1,1,1,4,3,0,0,0,60610,30.0,2016.0,30,2,15,7,6,2020
72288,2,2,2,2,1,1,3,1,1,1,1,4,3,0,0,0,60639,27.0,2013.0,30,2,21,7,6,2020
72595,1,2,2,4,1,2,3,1,1,1,1,3,2,0,1,0,60636,63.0,2008.0,30,2,12,7,4,2020
72665,2,1,1,2,1,1,1,-1,1,1,1,4,3,0,1,1,0,36.0,2008.0,30,2,21,7,5,2020
72666,2,1,1,4,1,1,1,-1,1,1,1,4,3,0,1,1,0,36.0,2010.0,30,2,21,7,5,2020
72667,2,1,1,2,1,1,1,-1,1,1,1,4,3,0,0,1,60628,35.0,2008.0,30,2,21,7,5,2020
72668,2,1,1,4,1,1,1,-1,1,1,1,4,3,0,0,1,60628,35.0,2010.0,30,2,21,7,5,2020
72792,1,1,1,2,1,1,6,1,1,3,1,3,2,0,1,0,60617,52.0,2004.0,30,2,6,4,5,2020
73027,2,2,2,4,1,2,4,1,0,1,1,4,3,0,1,0,60619,65.0,2011.0,35,2,22,5,5,2020
73127,1,1,1,4,1,1,8,3,1,2,1,4,3,0,1,0,60618,37.0,2016.0,30,2,13,3,5,2020
73128,1,1,1,4,1,1,4,1,1,2,1,4,3,0,1,0,60618,37.0,2001.0,30,2,13,3,5,2020
73181,2,1,1,3,1,1,1,1,1,1,1,4,3,0,0,2,60618,36.9,2016.0,30,2,21,3,5,2020
73182,2,1,1,4,1,1,11,1,1,1,1,4,3,0,0,2,60618,36.9,2013.0,30,2,21,3,5,2020
73183,2,1,1,3,1,1,1,1,1,1,1,4,3,0,1,2,60616,25.0,2016.0,30,2,21,3,5,2020
73184,2,1,1,4,1,1,11,1,1,1,1,4,3,0,1,2,60616,25.0,2013.0,30,2,21,3,5,2020
73373,5,1,1,1,1,2,1,1,1,1,1,4,3,0,1,1,60637,36.0,2010.0,30,2,20,6,5,2020
73374,5,1,1,2,1,2,6,1,1,1,1,4,3,0,1,1,60637,36.0,2005.0,30,2,20,6,5,2020
73375,5,1,1,1,1,2,1,1,1,1,1,4,3,0,0,1,60637,26.0,2010.0,30,2,20,6,5,2020
73376,5,1,1,2,1,2,6,1,1,1,1,4,3,0,0,1,60637,26.0,2005.0,30,2,20,6,5,2020
73564,1,1,1,1,1,1,9,1,1,1,1,4,3,0,0,0,60636,25.0,2001.0,20,4,17,4,6,2020
73565,1,1,1,1,1,1,11,1,1,2,1,4,3,0,0,0,60636,25.0,2020.0,20,4,17,4,6,2020
73566,1,1,1,1,1,1,2,1,1,1,1,4,3,0,0,0,60636,25.0,2012.0,20,4,17,4,6,2020
73568,1,1,1,1,1,1,9,1,1,1,1,4,3,0,0,0,60653,72.0,2001.0,20,4,17,4,6,2020
73569,1,1,1,1,1,1,11,1,1,2,1,4,3,0,0,0,60653,72.0,2020.0,20,4,17,4,6,2020
73570,1,1,1,1,1,1,2,1,1,1,1,4,3,0,0,0,60653,72.0,2012.0,20,4,17,4,6,2020
73572,1,1,1,1,1,1,9,1,1,1,1,4,3,0,0,0,60641,31.0,2001.0,20,4,17,4,6,2020
73573,1,1,1,1,1,1,11,1,1,2,1,4,3,0,0,0,60641,31.0,2020.0,20,4,17,4,6,2020
73574,1,1,1,1,1,1,2,1,1,1,1,4,3,0,0,0,60641,31.0,2012.0,20,4,17,4,6,2020
73583,3,-1,-1,3,0,1,-1,1,1,-1,1,4,1,0,0,2,60641,36.9,2011.0,30,2,2,4,6,2020
73584,3,-1,-1,3,0,1,-1,1,1,3,1,4,1,0,0,2,60641,36.9,2010.0,30,2,2,4,6,2020
73585,3,-1,-1,3,0,1,-1,1,1,-1,1,4,1,0,0,2,60419,32.0,2011.0,30,2,2,4,6,2020
73586,3,-1,-1,3,0,1,-1,1,1,3,1,4,1,0,0,2,60419,32.0,2010.0,30,2,2,4,6,2020
73679,1,1,1,1,1,1,6,4,1,4,1,4,3,0,1,0,60102,50.0,2019.0,45,2,20,7,6,2020
73680,1,1,1,1,1,1,5,1,1,1,1,4,3,0,1,0,60102,50.0,2013.0,45,2,20,7,6,2020
73904,2,1,1,1,1,1,4,1,1,1,1,3,2,0,1,0,60617,29.0,2014.0,45,2,21,4,6,2020
73929,1,1,1,3,1,0,1,1,0,1,1,4,3,0,1,2,60652,44.0,2018.0,35,3,10,5,6,2020
73930,1,1,1,3,1,0,8,1,0,1,1,4,3,0,1,2,60652,44.0,2007.0,35,3,10,5,6,2020
73932,1,1,1,3,1,0,1,1,0,1,1,4,3,0,1,2,60620,57.0,2018.0,35,3,10,5,6,2020
73933,1,1,1,3,1,0,8,1,0,1,1,4,3,0,1,2,60620,57.0,2007.0,35,3,10,5,6,2020
73935,1,1,1,3,1,0,1,1,0,1,1,2,3,0,1,2,60620,36.9,2018.0,35,3,10,5,6,2020
73936,1,1,1,3,1,0,8,1,0,1,1,2,3,0,1,2,60620,36.9,2007.0,35,3,10,5,6,2020
73958,1,1,1,3,1,0,5,1,1,1,1,4,3,0,0,2,60620,79.0,2017.0,20,2,14,5,6,2020
73959,1,1,1,4,1,0,1,1,1,-1,1,4,3,0,0,2,60620,79.0,2011.0,20,2,14,5,6,2020
73960,1,1,1,3,1,0,5,1,1,1,1,4,3,0,1,2,60620,36.9,2017.0,20,2,14,5,6,2020
73961,1,1,1,4,1,0,1,1,1,-1,1,4,3,0,1,2,60620,36.9,2011.0,20,2,14,5,6,2020
73972,1,1,1,2,1,2,1,1,1,1,1,4,3,0,0,1,60619,36.0,2011.0,30,2,16,5,6,2020
73973,1,1,1,1,1,2,3,1,1,3,1,4,3,0,0,1,60619,36.0,2014.0,30,2,16,5,6,2020
73974,1,1,1,2,1,2,1,1,1,1,1,4,3,0,1,1,60473,57.0,2011.0,30,2,16,5,6,2020
73975,1,1,1,1,1,2,3,1,1,3,1,4,3,0,1,1,60473,57.0,2014.0,30,2,16,5,6,2020
74014,2,1,1,1,1,1,4,6,0,1,1,3,3,0,0,0,60612,37.0,2006.0,30,2,0,6,6,2020
74015,2,1,1,1,1,1,5,9,0,1,1,3,3,0,0,0,60612,37.0,2019.0,30,2,0,6,6,2020
74016,2,1,1,1,1,1,4,6,0,1,1,3,3,0,0,0,60640,32.0,2006.0,30,2,0,6,6,2020
74017,2,1,1,1,1,1,5,9,0,1,1,3,3,0,0,0,60640,32.0,2019.0,30,2,0,6,6,2020
74033,1,1,1,3,1,1,6,1,1,1,1,3,1,0,1,0,60640,53.0,2017.0,25,2,9,6,6,2020
74143,1,1,1,2,1,1,2,1,1,1,1,3,2,0,0,0,60630,46.0,2017.0,30,2,18,6,6,2020
74171,1,1,1,1,0,0,1,1,1,1,1,4,3,0,1,3,60630,38.0,2010.0,30,2,18,6,6,2020
74172,1,1,1,3,0,0,11,2,1,1,1,4,3,0,1,3,60630,38.0,2017.0,30,2,18,6,6,2020
74173,1,1,1,1,0,0,1,1,1,1,1,4,3,0,0,3,50588,24.0,2010.0,30,2,18,6,6,2020
74174,1,1,1,3,0,0,11,2,1,1,1,4,3,0,0,3,50588,24.0,2017.0,30,2,18,6,6,2020
74242,2,1,1,1,1,1,8,1,1,1,1,3,2,0,1,0,60629,34.0,2008.0,30,2,0,7,6,2020
74265,1,1,1,4,0,2,1,1,0,1,1,4,3,0,0,1,53704,20.0,2002.0,30,4,18,6,6,2020
74266,1,1,1,2,0,2,9,3,0,1,1,4,3,0,0,1,53704,20.0,2019.0,30,4,18,6,6,2020
74267,1,1,1,4,0,2,11,1,0,1,1,4,3,0,0,1,53704,20.0,2009.0,30,4,18,6,6,2020
74268,1,1,1,1,0,2,10,1,0,1,1,4,3,0,0,1,53704,20.0,2019.0,30,4,18,6,6,2020
74269,1,1,1,4,0,2,1,1,0,1,1,4,3,0,1,1,60617,44.0,2002.0,30,4,18,6,6,2020
74270,1,1,1,2,0,2,9,3,0,1,1,4,3,0,1,1,60617,44.0,2019.0,30,4,18,6,6,2020
74271,1,1,1,4,0,2,11,1,0,1,1,4,3,0,1,1,60617,44.0,2009.0,30,4,18,6,6,2020