index,LIGHTING_CONDITION,ROADWAY_SURFACE_COND,WEATHER_CONDITION,TRAVEL_DIRECTION,INTERSECTION_RELATED,TRAFFIC_CONTROL_DEVICE,FIRST_CONTACT_POINT,MANEUVER,HIT_AND_RUN,VEHICLE_TYPE,UNIT_TYPE,FATAL_COND,DAMAGE_COST,BAC_RESULT,SEX,FATAL_DEGREE,ZIPCODE,AGE,VEHICLE_YEAR,POSTED_SPEED_LIMIT,NUM_UNITS,CRASH_HOUR,CRASH_DAY_OF_WEEK,CRASH_MONTH,CRASH_YEAR
74272,1,1,1,1,0,2,10,1,0,1,1,4,3,0,1,1,60617,44.0,2019.0,30,4,18,6,6,2020
74273,1,1,1,4,0,2,1,1,0,1,1,4,3,0,1,1,60617,36.0,2002.0,30,4,18,6,6,2020
74274,1,1,1,2,0,2,9,3,0,1,1,4,3,0,1,1,60617,36.0,2019.0,30,4,18,6,6,2020
74275,1,1,1,4,0,2,11,1,0,1,1,4,3,0,1,1,60617,36.0,2009.0,30,4,18,6,6,2020
74276,1,1,1,1,0,2,10,1,0,1,1,4,3,0,1,1,60617,36.0,2019.0,30,4,18,6,6,2020
74277,1,1,1,4,0,2,1,1,0,1,1,4,3,0,0,1,60620,29.0,2002.0,30,4,18,6,6,2020
74278,1,1,1,2,0,2,9,3,0,1,1,4,3,0,0,1,60620,29.0,2019.0,30,4,18,6,6,2020
74279,1,1,1,4,0,2,11,1,0,1,1,4,3,0,0,1,60620,29.0,2009.0,30,4,18,6,6,2020
74280,1,1,1,1,0,2,10,1,0,1,1,4,3,0,0,1,60620,29.0,2019.0,30,4,18,6,6,2020
74310,2,1,1,3,1,1,1,1,1,-1,1,4,3,0,0,3,60620,38.0,2000.0,30,2,1,7,6,2020
74311,2,1,1,2,1,1,3,1,1,1,1,4,3,0,0,3,60620,38.0,2017.0,30,2,1,7,6,2020
74312,2,1,1,3,1,1,1,1,1,-1,1,4,3,0,0,3,60628,21.0,2000.0,30,2,1,7,6,2020
74313,2,1,1,2,1,1,3,1,1,1,1,4,3,0,0,3,60628,21.0,2017.0,30,2,1,7,6,2020
74410,1,1,1,1,1,1,3,1,1,1,1,3,3,0,1,0,60637,23.0,2016.0,30,2,13,7,6,2020
74555,1,1,1,3,1,1,4,2,1,1,1,4,3,0,0,0,60608,42.0,2017.0,30,2,15,7,6,2020
74689,1,1,1,3,1,1,1,1,1,4,1,4,3,0,1,3,60608,38.0,2002.0,30,2,16,7,6,2020
74690,1,1,1,3,1,1,2,1,1,1,1,4,3,0,1,3,60608,38.0,2016.0,30,2,16,7,6,2020
74691,1,1,1,3,1,1,1,1,1,4,1,4,3,0,0,3,53714,27.0,2002.0,30,2,16,7,6,2020
74692,1,1,1,3,1,1,2,1,1,1,1,4,3,0,0,3,53714,27.0,2016.0,30,2,16,7,6,2020
74936,3,2,2,1,1,-1,1,-1,1,1,1,2,3,0,1,2,60650,21.0,2011.0,30,2,21,7,6,2020
74967,2,2,2,3,1,1,2,1,1,1,1,3,2,0,0,0,60650,24.0,2006.0,30,2,22,7,6,2020
75003,3,2,2,2,1,0,1,1,1,1,1,4,3,0,1,0,61054,31.0,2009.0,30,2,23,7,6,2020
75042,2,2,2,4,1,2,3,1,1,1,1,3,3,0,1,0,60623,24.0,2018.0,30,2,23,7,6,2020
75118,2,2,2,5,1,0,4,2,1,1,1,4,2,0,0,2,0,36.9,2011.0,30,2,0,1,6,2020
75119,2,2,2,7,1,0,1,1,1,6,1,4,2,0,0,2,0,36.9,1999.0,30,2,0,1,6,2020
75120,2,2,2,5,1,0,4,2,1,1,1,4,2,0,1,2,60638,34.0,2011.0,30,2,0,1,6,2020
75121,2,2,2,7,1,0,1,1,1,6,1,4,2,0,1,2,60638,34.0,1999.0,30,2,0,1,6,2020
75187,2,2,2,1,0,0,9,1,1,1,1,3,2,0,1,0,60419,25.0,2007.0,45,2,1,1,6,2020
75189,3,2,5,3,1,1,7,1,1,2,1,4,3,0,0,2,0,36.9,2019.0,30,2,1,1,6,2020
75190,3,2,5,4,1,1,1,1,1,1,1,4,3,0,1,2,60625,41.0,2011.0,30,2,1,1,6,2020
75191,3,2,5,3,1,1,7,1,1,2,1,4,3,0,1,2,60625,41.0,2019.0,30,2,1,1,6,2020
75329,3,2,2,1,1,1,1,3,1,1,1,3,1,0,1,0,60632,23.0,2016.0,30,2,0,1,6,2020
75374,1,1,1,6,1,1,3,3,1,2,1,3,3,0,1,0,60632,49.0,2004.0,30,2,8,1,6,2020
75413,1,1,1,3,1,2,1,1,1,3,1,4,1,0,0,2,0,36.9,2011.0,35,2,10,1,6,2020
75415,1,1,1,3,1,2,1,1,1,3,1,0,1,2,1,2,60617,40.0,2011.0,35,2,10,1,6,2020
75558,1,1,1,1,1,2,1,1,1,1,1,4,2,0,1,1,0,36.0,2010.0,30,2,13,1,6,2020
75560,1,1,1,1,1,2,1,1,1,1,1,2,2,0,1,1,60609,56.0,2010.0,30,2,13,1,6,2020
75858,1,2,1,1,1,0,-1,6,1,6,1,4,3,0,0,3,60106,38.0,2010.0,30,2,16,1,6,2020
75859,1,2,1,1,1,0,5,1,1,1,1,4,3,0,0,3,60106,38.0,2007.0,30,2,16,1,6,2020
75860,1,2,1,1,1,0,-1,6,1,6,1,4,3,0,1,3,60649,40.0,2010.0,30,2,16,1,6,2020
75861,1,2,1,1,1,0,5,1,1,1,1,4,3,0,1,3,60649,40.0,2007.0,30,2,16,1,6,2020
75951,1,1,1,1,1,1,5,1,0,1,1,4,3,0,1,0,60636,27.0,2018.0,35,2,17,1,6,2020
76235,3,1,1,4,1,1,1,1,1,1,1,4,3,0,1,2,60624,36.9,2018.0,30,2,22,1,6,2020
76236,3,1,1,2,1,1,1,1,1,1,1,4,3,0,1,2,60624,36.9,2018.0,30,2,22,1,6,2020
76237,3,1,1,4,1,1,1,1,1,1,1,4,3,0,1,2,60473,56.0,2018.0,30,2,22,1,6,2020
76238,3,1,1,2,1,1,1,1,1,1,1,4,3,0,1,2,60473,56.0,2018.0,30,2,22,1,6,2020
76250,2,1,1,2,1,2,6,1,1,1,1,3,3,0,0,0,60643,26.0,2017.0,35,2,21,1,6,2020
76296,2,1,1,1,1,1,1,1,1,1,1,4,3,0,1,0,60559,41.0,2008.0,30,2,23,1,6,2020
76297,2,1,1,2,1,1,6,1,1,1,1,4,3,0,1,0,60559,41.0,2018.0,30,2,23,1,6,2020
76322,2,1,1,4,1,1,3,1,1,1,1,4,3,0,1,3,60643,38.0,2016.0,30,2,0,2,6,2020
76323,2,1,1,3,1,1,4,1,1,1,1,4,3,0,1,3,60643,38.0,2015.0,30,2,0,2,6,2020
76324,2,1,1,4,1,1,3,1,1,1,1,4,3,0,1,3,60624,27.0,2016.0,30,2,0,2,6,2020
76325,2,1,1,3,1,1,4,1,1,1,1,4,3,0,1,3,60624,27.0,2015.0,30,2,0,2,6,2020
76476,1,1,1,4,1,2,5,1,1,1,1,3,2,0,0,0,60624,24.0,2017.0,30,2,6,2,6,2020
76543,2,1,1,1,1,1,6,1,1,9,1,4,3,0,0,1,60624,36.0,2019.0,30,2,3,2,6,2020
76544,2,1,1,2,1,1,1,1,1,1,1,4,3,0,0,1,60624,36.0,2005.0,30,2,3,2,6,2020
76545,2,1,1,1,1,1,6,1,1,9,1,4,3,0,0,1,60644,29.0,2019.0,30,2,3,2,6,2020
76546,2,1,1,2,1,1,1,1,1,1,1,4,3,0,0,1,60644,29.0,2005.0,30,2,3,2,6,2020
76569,1,1,1,2,1,1,3,1,1,2,1,4,3,0,1,1,60624,28.0,2005.0,30,2,6,2,6,2020
76570,1,1,1,-1,1,1,1,-1,1,-1,1,4,3,0,1,1,60624,28.0,2010.0,30,2,6,2,6,2020
76571,1,1,1,2,1,1,3,1,1,2,1,4,3,0,0,1,60624,36.0,2005.0,30,2,6,2,6,2020
76572,1,1,1,-1,1,1,1,-1,1,-1,1,4,3,0,0,1,60624,36.0,2010.0,30,2,6,2,6,2020
76757,1,1,1,2,1,1,1,1,1,1,1,4,3,0,0,0,60629,17.0,2006.0,30,2,12,2,6,2020
76958,1,1,1,4,1,1,6,1,1,2,1,3,3,0,1,0,60644,42.0,2001.0,35,2,14,7,6,2020
76959,1,1,1,4,1,1,5,1,1,1,1,3,3,0,1,0,60644,42.0,2007.0,35,2,14,7,6,2020
77187,1,1,1,3,1,1,9,1,1,1,1,4,3,0,1,3,60615,38.0,2012.0,30,2,16,2,6,2020
77188,1,1,1,1,1,1,3,2,1,2,1,4,3,0,0,3,60632,21.0,2010.0,30,2,16,2,6,2020
77189,1,1,1,3,1,1,9,1,1,1,1,4,3,0,0,3,60632,21.0,2012.0,30,2,16,2,6,2020
77268,1,2,2,3,1,2,2,3,1,2,1,3,3,0,0,0,60647,47.0,2017.0,30,2,16,2,6,2020
77290,1,1,1,2,1,0,1,1,1,1,1,3,3,0,0,0,60457,36.0,2018.0,30,2,16,2,6,2020
77614,2,2,2,1,1,0,-1,1,1,1,1,0,1,0,0,2,60628,68.0,2011.0,30,2,20,2,6,2020
77638,3,2,2,4,1,2,-1,1,1,1,1,4,3,0,1,2,60628,36.9,2011.0,30,2,21,2,6,2020
77640,3,2,2,4,1,2,-1,1,1,1,1,0,3,0,0,2,60628,51.0,2011.0,30,2,21,2,6,2020
77894,1,1,1,2,0,3,-1,1,1,7,1,3,3,0,0,0,60639,51.0,2019.0,20,2,10,3,6,2020
77922,1,1,1,3,1,1,5,1,1,1,1,3,3,0,1,0,60641,44.0,2017.0,30,2,10,3,6,2020
78310,1,1,1,2,1,1,10,3,1,1,1,3,3,0,1,0,60453,39.0,2002.0,30,2,16,2,6,2020
78648,2,1,1,2,1,1,1,1,1,1,1,4,3,0,1,1,60620,36.0,2017.0,30,2,19,3,6,2020
78649,2,1,1,3,1,1,6,1,1,1,1,4,3,0,1,1,60620,36.0,2008.0,30,2,19,3,6,2020
78650,2,1,1,2,1,1,1,1,1,1,1,4,3,0,1,1,60620,36.0,2017.0,30,2,19,3,6,2020
78651,2,1,1,3,1,1,6,1,1,1,1,4,3,0,1,1,60620,36.0,2008.0,30,2,19,3,6,2020
78652,2,1,1,2,1,1,1,1,1,1,1,4,3,0,0,1,60637,32.0,2017.0,30,2,19,3,6,2020
78653,2,1,1,3,1,1,6,1,1,1,1,4,3,0,0,1,60637,32.0,2008.0,30,2,19,3,6,2020
78654,2,1,1,2,1,1,1,1,1,1,1,4,3,0,0,1,60637,32.0,2017.0,30,2,19,3,6,2020
78655,2,1,1,3,1,1,6,1,1,1,1,4,3,0,0,1,60637,32.0,2008.0,30,2,19,3,6,2020
78656,2,1,1,2,1,1,1,1,1,1,1,4,3,0,1,1,60649,23.0,2017.0,30,2,19,3,6,2020
78657,2,1,1,3,1,1,6,1,1,1,1,4,3,0,1,1,60649,23.0,2008.0,30,2,19,3,6,2020
78658,2,1,1,2,1,1,1,1,1,1,1,4,3,0,1,1,60649,23.0,2017.0,30,2,19,3,6,2020
78659,2,1,1,3,1,1,6,1,1,1,1,4,3,0,1,1,60649,23.0,2008.0,30,2,19,3,6,2020
78660,2,1,1,2,1,1,1,1,1,1,1,4,3,0,0,1,60637,32.0,2017.0,30,2,19,3,6,2020
78661,2,1,1,3,1,1,6,1,1,1,1,4,3,0,0,1,60637,32.0,2008.0,30,2,19,3,6,2020
78662,2,1,1,2,1,1,1,1,1,1,1,4,3,0,0,1,60637,32.0,2017.0,30,2,19,3,6,2020
78663,2,1,1,3,1,1,6,1,1,1,1,4,3,0,0,1,60637,32.0,2008.0,30,2,19,3,6,2020
78907,2,1,1,2,1,0,1,1,1,1,1,4,3,0,1,0,60639,32.0,2003.0,30,4,1,4,6,2020
78936,5,1,1,2,1,1,1,1,1,5,1,4,3,0,0,2,60644,36.9,2008.0,30,2,5,4,6,2020
78937,5,1,1,4,1,1,-1,2,1,-1,1,4,3,0,1,2,60644,61.0,2011.0,30,2,5,4,6,2020
78938,5,1,1,2,1,1,1,1,1,5,1,4,3,0,1,2,60644,61.0,2008.0,30,2,5,4,6,2020
79123,1,1,1,4,1,1,10,1,1,1,1,4,3,0,1,0,60068,54.0,2012.0,35,2,6,4,6,2020
79154,1,1,1,4,1,1,1,2,1,3,1,4,3,0,0,2,60644,36.9,2011.0,30,2,11,4,6,2020
79156,1,1,1,4,1,1,1,2,1,3,1,0,3,0,1,2,60610,59.0,2011.0,30,2,11,4,6,2020
79241,1,2,2,1,1,1,4,1,1,1,1,3,3,0,1,0,60611,90.0,2003.0,35,2,13,4,6,2020
79280,2,1,1,2,1,1,1,1,1,2,1,4,3,0,0,1,60609,36.0,2010.0,30,2,2,2,6,2020
79281,2,1,1,3,1,1,6,1,1,1,1,4,3,0,0,1,60609,36.0,2017.0,30,2,2,2,6,2020
79282,2,1,1,2,1,1,1,1,1,2,1,4,3,0,0,1,60620,41.0,2010.0,30,2,2,2,6,2020
79283,2,1,1,3,1,1,6,1,1,1,1,4,3,0,0,1,60620,41.0,2017.0,30,2,2,2,6,2020
79647,1,-1,1,6,1,0,1,2,1,1,1,4,3,0,1,2,60634,36.9,2004.0,30,2,17,4,6,2020
79648,1,-1,1,4,1,0,1,1,1,1,1,4,3,0,1,2,60634,36.9,2010.0,30,2,17,4,6,2020
79649,1,-1,1,6,1,0,1,2,1,1,1,4,3,0,0,2,60643,63.0,2004.0,30,2,17,4,6,2020
79650,1,-1,1,4,1,0,1,1,1,1,1,4,3,0,0,2,60643,63.0,2010.0,30,2,17,4,6,2020
79675,1,1,1,4,1,1,1,1,1,1,1,4,3,0,1,2,60643,36.9,2011.0,30,2,17,4,6,2020
79676,1,1,1,2,1,1,6,7,1,1,1,4,3,0,1,2,60643,36.9,2015.0,30,2,17,4,6,2020
79677,1,1,1,4,1,1,1,1,1,1,1,4,3,0,0,2,60652,27.0,2011.0,30,2,17,4,6,2020
79678,1,1,1,2,1,1,6,7,1,1,1,4,3,0,0,2,60652,27.0,2015.0,30,2,17,4,6,2020
79736,1,1,1,4,1,1,3,1,1,1,1,4,3,0,1,0,60419,22.0,2015.0,30,2,18,4,6,2020
79762,1,1,1,3,1,1,2,1,1,2,1,3,3,0,1,0,60660,40.0,2006.0,30,2,15,4,6,2020
79814,1,1,1,4,1,1,2,1,1,1,1,4,3,0,0,0,60622,39.0,2017.0,30,3,17,4,6,2020
79838,1,1,1,3,1,-1,3,4,0,1,1,4,3,0,1,3,60637,19.0,2015.0,30,3,18,4,6,2020
79839,1,1,1,1,1,-1,3,1,0,1,1,4,3,0,1,3,60637,19.0,2014.0,30,3,18,4,6,2020
79840,1,1,1,4,1,-1,4,1,0,1,1,4,3,0,1,3,60637,19.0,2004.0,30,3,18,4,6,2020
79841,1,1,1,3,1,-1,3,4,0,1,1,4,3,0,1,3,60419,62.0,2015.0,30,3,18,4,6,2020
79842,1,1,1,1,1,-1,3,1,0,1,1,4,3,0,1,3,60419,62.0,2014.0,30,3,18,4,6,2020
79843,1,1,1,4,1,-1,4,1,0,1,1,4,3,0,1,3,60419,62.0,2004.0,30,3,18,4,6,2020
79844,1,1,1,3,1,-1,3,4,0,1,1,4,3,0,1,3,60643,52.0,2015.0,30,3,18,4,6,2020
79845,1,1,1,1,1,-1,3,1,0,1,1,4,3,0,1,3,60643,52.0,2014.0,30,3,18,4,6,2020
79846,1,1,1,4,1,-1,4,1,0,1,1,4,3,0,1,3,60643,52.0,2004.0,30,3,18,4,6,2020
79871,1,1,1,4,1,2,1,1,1,-1,1,4,3,0,1,3,60643,38.0,2010.0,30,2,18,4,6,2020
79872,1,1,1,1,1,2,6,1,1,1,1,4,3,0,1,3,60643,38.0,2014.0,30,2,18,4,6,2020
79873,1,1,1,4,1,2,1,1,1,-1,1,4,3,0,1,3,60617,27.0,2010.0,30,2,18,4,6,2020
79874,1,1,1,1,1,2,6,1,1,1,1,4,3,0,1,3,60617,27.0,2014.0,30,2,18,4,6,2020
79942,2,1,1,2,1,1,2,2,1,1,1,3,3,0,1,0,60626,82.0,2001.0,30,2,21,4,6,2020
79972,1,1,1,2,1,2,2,1,1,1,1,3,3,0,1,0,60620,51.0,2018.0,30,2,17,4,6,2020
79986,2,1,1,2,1,1,5,1,1,2,1,4,3,0,1,2,60620,36.9,2009.0,30,2,22,4,6,2020
79987,2,1,1,3,1,1,1,1,1,1,1,4,3,0,1,2,60620,36.9,1998.0,30,2,22,4,6,2020
79988,2,1,1,2,1,1,5,1,1,2,1,4,3,0,0,2,60620,24.0,2009.0,30,2,22,4,6,2020
79989,2,1,1,3,1,1,1,1,1,1,1,4,3,0,0,2,60620,24.0,1998.0,30,2,22,4,6,2020
80009,2,1,1,4,1,2,3,2,1,-1,1,4,3,0,0,1,60620,36.0,2011.0,30,2,23,4,6,2020
80010,2,1,1,1,1,2,4,1,1,1,1,4,3,0,0,1,60620,36.0,2006.0,30,2,23,4,6,2020
80011,2,1,1,4,1,2,3,2,1,-1,1,4,3,0,1,1,60804,25.0,2011.0,30,2,23,4,6,2020
80012,2,1,1,1,1,2,4,1,1,1,1,4,3,0,1,1,60804,25.0,2006.0,30,2,23,4,6,2020
80218,1,1,1,4,1,2,5,1,1,2,1,4,3,0,0,3,46403,41.0,2013.0,25,2,7,5,6,2020
80219,1,1,1,1,1,2,1,1,1,1,1,4,3,0,0,3,46403,41.0,2000.0,25,2,7,5,6,2020
80220,1,1,1,4,1,2,5,1,1,2,1,4,3,0,0,3,60647,26.0,2013.0,25,2,7,5,6,2020
80221,1,1,1,1,1,2,1,1,1,1,1,4,3,0,0,3,60647,26.0,2000.0,25,2,7,5,6,2020
80306,1,1,1,3,1,2,1,1,1,1,1,4,3,0,1,1,60647,36.0,2014.0,25,2,10,5,6,2020
80307,1,1,1,2,1,2,9,1,1,1,1,4,3,0,1,1,60647,36.0,2020.0,25,2,10,5,6,2020
80308,1,1,1,3,1,2,1,1,1,1,1,4,3,0,1,1,60406,76.0,2014.0,25,2,10,5,6,2020
80309,1,1,1,2,1,2,9,1,1,1,1,4,3,0,1,1,60406,76.0,2020.0,25,2,10,5,6,2020
80342,1,1,1,4,1,2,1,1,1,1,1,4,2,0,1,2,60647,36.9,2017.0,35,2,13,2,6,2020
80343,1,1,1,3,1,2,11,1,1,3,1,4,2,0,1,2,60647,36.9,2008.0,35,2,13,2,6,2020
80344,1,1,1,4,1,2,1,1,1,1,1,4,2,0,1,2,60628,60.0,2017.0,35,2,13,2,6,2020
80345,1,1,1,3,1,2,11,1,1,3,1,4,2,0,1,2,60628,60.0,2008.0,35,2,13,2,6,2020
80390,1,1,1,1,1,1,1,1,1,1,1,3,2,0,0,0,60419,37.0,2003.0,30,2,12,5,6,2020
80391,1,1,1,1,1,1,2,3,1,2,1,3,2,0,0,0,60419,37.0,2011.0,30,2,12,5,6,2020
80547,1,1,1,3,1,2,-1,-1,1,1,1,4,3,0,0,2,60652,36.9,2011.0,30,2,14,5,6,2020
80549,1,1,1,3,1,2,-1,-1,1,1,1,2,3,0,1,2,60652,63.0,2011.0,30,2,14,5,6,2020
80914,1,1,1,5,0,1,1,1,1,4,1,3,2,0,0,0,52317,35.0,1997.0,30,2,17,5,6,2020
80915,1,1,1,5,0,1,2,3,1,1,1,3,2,0,0,0,52317,35.0,2019.0,30,2,17,5,6,2020
81023,1,1,1,4,1,0,1,1,1,2,1,4,3,0,1,2,60653,36.9,2016.0,30,2,18,5,6,2020
81024,1,1,1,4,1,0,2,3,1,1,1,4,3,0,1,2,60653,36.9,2017.0,30,2,18,5,6,2020
81025,1,1,1,4,1,0,1,1,1,2,1,4,3,0,0,2,60610,36.9,2016.0,30,2,18,5,6,2020
81026,1,1,1,4,1,0,2,3,1,1,1,4,3,0,0,2,60610,36.9,2017.0,30,2,18,5,6,2020
81038,1,1,1,-1,1,0,4,-1,1,-1,1,4,3,0,1,3,60610,38.0,2010.0,30,2,17,5,6,2020
81039,1,1,1,3,1,0,1,1,1,1,1,4,3,0,1,3,60610,38.0,2016.0,30,2,17,5,6,2020
81040,1,1,1,-1,1,0,4,-1,1,-1,1,4,3,0,0,3,60827,43.0,2010.0,30,2,17,5,6,2020
81041,1,1,1,3,1,0,1,1,1,1,1,4,3,0,0,3,60827,43.0,2016.0,30,2,17,5,6,2020
81123,1,1,1,1,1,2,9,1,1,1,1,4,3,0,0,1,60610,36.0,2010.0,30,2,18,5,6,2020
81124,1,1,1,2,1,2,1,1,1,6,1,4,3,0,0,1,60610,36.0,2009.0,30,2,18,5,6,2020
81125,1,1,1,1,1,2,9,1,1,1,1,4,3,0,1,1,60104,58.0,2010.0,30,2,18,5,6,2020
81126,1,1,1,2,1,2,1,1,1,6,1,4,3,0,1,1,60104,58.0,2009.0,30,2,18,5,6,2020
81286,1,1,1,2,1,1,8,3,1,2,1,3,3,0,1,0,60610,60.0,2017.0,30,2,16,5,6,2020
81346,2,1,1,4,1,2,10,1,1,1,1,4,2,0,0,3,60610,38.0,2003.0,20,2,2,6,6,2020
81347,2,1,1,3,1,2,1,1,1,1,1,4,2,0,1,3,60621,16.0,2010.0,20,2,2,6,6,2020
81348,2,1,1,4,1,2,10,1,1,1,1,4,2,0,1,3,60621,16.0,2003.0,20,2,2,6,6,2020
81657,1,2,2,1,1,1,1,-1,1,-1,1,4,3,0,0,3,0,38.0,2011.0,30,2,7,6,6,2020
81658,1,2,2,4,1,1,9,-1,1,5,1,4,3,0,0,3,0,38.0,2016.0,30,2,7,6,6,2020
81659,1,2,2,1,1,1,1,-1,1,-1,1,4,3,0,1,3,60644,39.0,2011.0,30,2,7,6,6,2020
81660,1,2,2,4,1,1,9,-1,1,5,1,4,3,0,1,3,60644,39.0,2016.0,30,2,7,6,6,2020
81744,1,2,2,1,1,2,6,-1,1,-1,1,4,3,0,0,3,0,38.0,2010.0,30,2,11,6,6,2020
81745,1,2,2,4,1,2,1,3,1,1,1,4,3,0,0,3,0,38.0,2015.0,30,2,11,6,6,2020
81746,1,2,2,1,1,2,6,-1,1,-1,1,4,3,0,0,3,60453,49.0,2010.0,30,2,11,6,6,2020
81747,1,2,2,4,1,2,1,3,1,1,1,4,3,0,0,3,60453,49.0,2015.0,30,2,11,6,6,2020
81892,1,1,1,1,1,1,3,1,1,1,1,4,3,0,0,0,60827,18.0,2010.0,30,2,11,6,6,2020
81893,1,1,1,3,1,1,4,2,1,1,1,4,3,0,0,0,60827,18.0,2008.0,30,2,11,6,6,2020
81948,1,2,1,4,1,2,1,1,1,-1,1,4,3,0,1,2,60628,36.9,2011.0,30,2,14,6,6,2020
81949,1,2,1,1,1,2,4,1,1,1,1,4,3,0,1,2,60628,36.9,2011.0,30,2,14,6,6,2020
81950,1,2,1,4,1,2,1,1,1,-1,1,4,3,0,1,2,77493,32.0,2011.0,30,2,14,6,6,2020
81951,1,2,1,1,1,2,4,1,1,1,1,4,3,0,1,2,77493,32.0,2011.0,30,2,14,6,6,2020
82000,1,2,1,2,1,1,2,1,1,3,1,3,3,0,0,0,60617,31.0,2019.0,30,2,13,6,6,2020
82080,2,1,1,4,1,1,1,1,1,2,1,3,2,0,0,0,60620,23.0,2010.0,30,2,23,5,6,2020
82081,2,1,1,4,1,1,2,3,1,1,1,3,2,0,0,0,60620,23.0,2018.0,30,2,23,5,6,2020
82093,1,2,2,3,1,1,5,1,1,1,1,3,3,0,0,0,60659,39.0,2008.0,30,2,15,6,6,2020
82297,1,2,2,4,1,1,2,3,1,1,1,3,3,0,1,0,60618,39.0,2016.0,30,2,16,6,6,2020
82382,1,2,-1,-1,1,-1,-1,-1,1,-1,1,4,3,0,0,2,77493,36.9,2011.0,30,2,16,6,6,2020
82384,1,2,-1,-1,1,-1,-1,-1,1,-1,1,0,3,0,1,2,60634,76.0,2011.0,30,2,16,6,6,2020
82459,1,1,1,1,1,0,-1,1,1,1,1,4,2,0,1,2,0,36.9,2011.0,45,2,17,6,6,2020
82460,1,1,1,1,1,0,2,1,1,1,1,4,2,0,1,2,0,36.9,2018.0,45,2,17,6,6,2020
82461,1,1,1,1,1,0,-1,1,1,1,1,4,2,0,1,2,60804,45.0,2011.0,45,2,17,6,6,2020
82462,1,1,1,1,1,0,2,1,1,1,1,4,2,0,1,2,60804,45.0,2018.0,45,2,17,6,6,2020
82627,2,2,2,2,1,2,4,1,1,1,1,3,3,0,1,0,60639,20.0,2018.0,30,2,20,6,6,2020
82750,3,2,2,3,1,1,5,4,0,1,1,3,3,0,1,0,60302,34.0,2013.0,30,4,21,6,6,2020
82751,3,2,2,4,1,1,12,1,0,1,1,3,3,0,1,0,60302,34.0,2017.0,30,4,21,6,6,2020
82752,3,2,2,2,1,1,1,2,0,1,1,3,3,0,1,0,60302,34.0,2004.0,30,4,21,6,6,2020
82753,3,2,2,2,1,1,5,-1,0,1,1,3,3,0,1,0,60302,34.0,2019.0,30,4,21,6,6,2020
82754,3,2,2,3,1,1,5,4,0,1,1,3,3,0,1,0,60620,42.0,2013.0,30,4,21,6,6,2020
82755,3,2,2,4,1,1,12,1,0,1,1,3,3,0,1,0,60620,42.0,2017.0,30,4,21,6,6,2020
82756,3,2,2,2,1,1,1,2,0,1,1,3,3,0,1,0,60620,42.0,2004.0,30,4,21,6,6,2020
82758,3,2,2,3,1,1,5,4,0,1,1,3,3,0,0,0,60615,27.0,2013.0,30,4,21,6,6,2020
82759,3,2,2,4,1,1,12,1,0,1,1,3,3,0,0,0,60615,27.0,2017.0,30,4,21,6,6,2020
82760,3,2,2,2,1,1,1,2,0,1,1,3,3,0,0,0,60615,27.0,2004.0,30,4,21,6,6,2020
82761,3,2,2,2,1,1,5,-1,0,1,1,3,3,0,0,0,60615,27.0,2019.0,30,4,21,6,6,2020
82823,2,2,1,1,1,2,9,1,1,1,1,3,3,0,0,0,60651,31.0,2010.0,30,2,0,7,6,2020
82920,2,1,1,3,1,1,3,1,1,2,1,4,3,0,0,0,60104,30.0,2016.0,30,2,4,7,6,2020
82955,1,1,1,3,0,1,1,3,1,1,1,4,3,0,1,2,60651,36.9,2004.0,30,2,13,6,6,2020
82956,1,1,1,3,0,1,2,3,1,3,1,4,3,0,1,2,60651,36.9,2015.0,30,2,13,6,6,2020
82957,1,1,1,3,0,1,1,3,1,1,1,4,3,0,1,2,60634,61.0,2004.0,30,2,13,6,6,2020
82958,1,1,1,3,0,1,2,3,1,3,1,4,3,0,1,2,60634,61.0,2015.0,30,2,13,6,6,2020
83154,1,1,1,1,1,1,4,3,0,2,1,3,2,0,0,0,60619,25.0,2011.0,30,2,12,7,6,2020
83155,1,1,1,1,1,1,5,1,0,1,1,3,2,0,0,0,60619,25.0,2019.0,30,2,12,7,6,2020
83156,1,1,1,1,1,1,4,3,0,2,1,3,2,0,1,0,60620,68.0,2011.0,30,2,12,7,6,2020
83157,1,1,1,1,1,1,5,1,0,1,1,3,2,0,1,0,60620,68.0,2019.0,30,2,12,7,6,2020
83217,1,1,1,-1,1,1,3,1,1,1,1,3,2,0,0,0,60628,53.0,2014.0,10,2,12,7,6,2020
83258,1,1,1,3,1,1,4,8,0,1,1,3,3,0,1,0,60639,51.0,2016.0,35,2,12,7,6,2020