index,LIGHTING_CONDITION,ROADWAY_SURFACE_COND,WEATHER_CONDITION,TRAVEL_DIRECTION,INTERSECTION_RELATED,TRAFFIC_CONTROL_DEVICE,FIRST_CONTACT_POINT,MANEUVER,HIT_AND_RUN,VEHICLE_TYPE,UNIT_TYPE,FATAL_COND,DAMAGE_COST,BAC_RESULT,SEX,FATAL_DEGREE,ZIPCODE,AGE,VEHICLE_YEAR,POSTED_SPEED_LIMIT,NUM_UNITS,CRASH_HOUR,CRASH_DAY_OF_WEEK,CRASH_MONTH,CRASH_YEAR
83259,1,1,1,3,1,1,3,3,0,1,1,3,3,0,1,0,60639,51.0,2009.0,35,2,12,7,6,2020
83421,1,1,1,8,1,0,7,1,1,1,1,3,2,0,0,0,60426,43.0,2012.0,30,3,14,7,6,2020
83422,1,1,1,8,1,0,1,1,1,1,1,3,2,0,0,0,60426,43.0,2016.0,30,3,14,7,6,2020
83424,1,1,1,8,1,0,7,1,1,1,1,3,2,0,0,0,60632,29.0,2012.0,30,3,14,7,6,2020
83425,1,1,1,8,1,0,1,1,1,1,1,3,2,0,0,0,60632,29.0,2016.0,30,3,14,7,6,2020
83910,1,1,3,4,1,1,1,1,1,1,1,4,2,0,0,1,0,36.0,1998.0,30,2,15,6,6,2020
83911,1,1,3,4,1,1,2,3,1,3,1,4,2,0,0,1,0,36.0,2011.0,30,2,15,6,6,2020
83912,1,1,3,4,1,1,1,1,1,1,1,4,2,0,0,1,60652,48.0,1998.0,30,2,15,6,6,2020
83913,1,1,3,4,1,1,2,3,1,3,1,4,2,0,0,1,60652,48.0,2011.0,30,2,15,6,6,2020
84020,3,1,1,1,0,0,2,3,1,1,1,3,2,0,0,0,60478,30.0,2016.0,35,2,21,7,6,2020
84109,2,1,1,1,1,0,-1,1,1,2,1,4,3,0,0,2,0,36.9,2011.0,30,2,0,1,6,2020
84111,2,1,1,1,1,0,-1,1,1,2,1,0,3,0,1,2,60621,21.0,2011.0,30,2,0,1,6,2020
84203,3,1,1,8,1,1,1,1,0,1,1,4,3,0,1,3,60440,38.0,2004.0,30,2,3,1,6,2020
84204,3,1,1,8,1,1,2,1,0,1,1,4,3,0,1,3,60440,38.0,1996.0,30,2,3,1,6,2020
84205,3,1,1,8,1,1,1,1,0,1,1,4,3,0,1,3,60639,30.0,2004.0,30,2,3,1,6,2020
84206,3,1,1,8,1,1,2,1,0,1,1,4,3,0,1,3,60639,30.0,1996.0,30,2,3,1,6,2020
84539,1,1,1,1,1,1,1,3,0,1,1,3,2,0,0,0,60619,28.0,2007.0,30,2,12,1,6,2020
84540,1,1,1,1,1,1,2,3,0,1,1,3,2,0,0,0,60619,28.0,2014.0,30,2,12,1,6,2020
84541,1,1,1,1,1,1,1,3,0,1,1,3,2,0,1,0,60634,33.0,2007.0,30,2,12,1,6,2020
84542,1,1,1,1,1,1,2,3,0,1,1,3,2,0,1,0,60634,33.0,2014.0,30,2,12,1,6,2020
84795,1,1,1,4,1,0,2,2,1,1,1,3,2,0,1,0,60632,20.0,2016.0,30,3,16,1,6,2020
84866,1,1,1,2,1,0,1,6,1,1,1,4,3,0,1,3,0,38.0,2019.0,30,2,16,1,6,2020
84867,1,1,1,2,1,0,3,2,1,1,1,4,3,0,1,3,0,38.0,2010.0,30,2,16,1,6,2020
84868,1,1,1,2,1,0,1,6,1,1,1,4,3,0,0,3,60110,29.0,2019.0,30,2,16,1,6,2020
84869,1,1,1,2,1,0,3,2,1,1,1,4,3,0,0,3,60110,29.0,2010.0,30,2,16,1,6,2020
84947,1,1,1,2,1,1,6,1,1,1,1,3,2,0,0,0,60612,32.0,2014.0,30,2,18,1,6,2020
84953,1,1,1,1,1,1,3,1,1,1,1,3,3,0,1,0,60653,62.0,2015.0,30,2,17,1,6,2020
85292,5,1,1,-1,1,2,2,5,0,1,2,4,3,0,0,1,60153,36.0,2004.0,30,3,4,2,6,2020
85293,5,1,1,3,1,2,1,1,0,1,3,4,3,0,0,1,60153,36.0,2015.0,30,3,4,2,6,2020
85294,5,1,1,4,1,2,-1,1,0,1,1,4,3,0,0,1,60153,36.0,2019.0,30,3,4,2,6,2020
85330,3,-1,1,-1,1,1,-1,-1,1,-1,1,0,3,0,1,2,60621,35.0,2011.0,30,2,1,2,6,2020
85393,1,1,1,3,1,1,1,2,1,1,1,4,3,0,0,1,0,36.0,1999.0,30,2,5,2,6,2020
85394,1,1,1,2,1,1,-1,1,1,-1,1,4,3,0,0,1,0,36.0,2008.0,30,2,5,2,6,2020
85395,1,1,1,3,1,1,1,2,1,1,1,4,3,0,1,1,60623,50.0,1999.0,30,2,5,2,6,2020
85396,1,1,1,2,1,1,-1,1,1,-1,1,4,3,0,1,1,60623,50.0,2008.0,30,2,5,2,6,2020
85409,1,1,1,3,1,0,-1,1,1,1,1,2,1,0,1,2,60610,15.0,2011.0,30,2,16,1,6,2020
85413,2,1,1,1,1,1,1,7,1,1,1,4,3,0,0,2,0,36.9,2017.0,30,2,21,1,6,2020
85415,2,1,1,1,1,1,1,7,1,1,1,2,3,0,0,2,60613,32.0,2017.0,30,2,21,1,6,2020
85692,1,1,1,2,1,1,6,2,1,2,1,4,3,0,1,0,60652,37.0,2019.0,30,2,12,2,6,2020
85799,5,1,1,4,1,1,1,1,1,-1,1,4,3,0,0,3,0,38.0,2007.0,25,2,14,2,6,2020
85800,5,1,1,4,1,1,1,1,1,-1,1,4,3,0,0,3,0,38.0,2010.0,25,2,14,2,6,2020
85801,5,1,1,3,1,1,5,1,1,1,1,4,3,0,0,3,0,38.0,2010.0,25,2,14,2,6,2020
85802,5,1,1,3,1,1,5,1,1,1,1,4,3,0,0,3,0,38.0,2010.0,25,2,14,2,6,2020
85803,5,1,1,4,1,1,1,1,1,-1,1,4,3,0,0,3,60615,28.0,2007.0,25,2,14,2,6,2020
85804,5,1,1,4,1,1,1,1,1,-1,1,4,3,0,0,3,60615,28.0,2010.0,25,2,14,2,6,2020
85805,5,1,1,3,1,1,5,1,1,1,1,4,3,0,0,3,60615,28.0,2010.0,25,2,14,2,6,2020
85806,5,1,1,3,1,1,5,1,1,1,1,4,3,0,0,3,60615,28.0,2010.0,25,2,14,2,6,2020
85807,5,1,1,4,1,1,1,1,1,-1,1,4,3,0,0,3,0,38.0,2007.0,25,2,14,2,6,2020
85808,5,1,1,4,1,1,1,1,1,-1,1,4,3,0,0,3,0,38.0,2010.0,25,2,14,2,6,2020
85809,5,1,1,3,1,1,5,1,1,1,1,4,3,0,0,3,0,38.0,2010.0,25,2,14,2,6,2020
85810,5,1,1,3,1,1,5,1,1,1,1,4,3,0,0,3,0,38.0,2010.0,25,2,14,2,6,2020
85811,5,1,1,4,1,1,1,1,1,-1,1,4,3,0,0,3,60615,28.0,2007.0,25,2,14,2,6,2020
85812,5,1,1,4,1,1,1,1,1,-1,1,4,3,0,0,3,60615,28.0,2010.0,25,2,14,2,6,2020
85813,5,1,1,3,1,1,5,1,1,1,1,4,3,0,0,3,60615,28.0,2010.0,25,2,14,2,6,2020
85814,5,1,1,3,1,1,5,1,1,1,1,4,3,0,0,3,60615,28.0,2010.0,25,2,14,2,6,2020
86297,1,2,1,1,1,1,1,1,1,1,1,4,3,0,0,2,0,36.9,2011.0,30,3,17,2,6,2020
86298,1,2,1,1,1,1,2,3,1,1,1,4,3,0,0,2,0,36.9,2016.0,30,3,17,2,6,2020
86299,1,2,1,1,1,1,2,3,1,1,1,4,3,0,0,2,0,36.9,2020.0,30,3,17,2,6,2020
86300,1,2,1,1,1,1,1,1,1,1,1,4,3,0,1,2,60443,32.0,2011.0,30,3,17,2,6,2020
86301,1,2,1,1,1,1,2,3,1,1,1,4,3,0,1,2,60443,32.0,2016.0,30,3,17,2,6,2020
86302,1,2,1,1,1,1,2,3,1,1,1,4,3,0,1,2,60443,32.0,2020.0,30,3,17,2,6,2020
86303,1,2,1,1,1,1,1,1,1,1,1,4,3,0,0,2,60616,24.0,2011.0,30,3,17,2,6,2020
86304,1,2,1,1,1,1,2,3,1,1,1,4,3,0,0,2,60616,24.0,2016.0,30,3,17,2,6,2020
86305,1,2,1,1,1,1,2,3,1,1,1,4,3,0,0,2,60616,24.0,2020.0,30,3,17,2,6,2020
86394,1,1,1,4,1,1,4,1,1,1,1,3,2,0,0,0,60010,25.0,2010.0,30,2,18,2,6,2020
86458,-1,-1,-1,1,1,2,2,1,1,1,1,4,3,0,0,2,0,36.9,2012.0,30,2,17,2,6,2020
86460,-1,-1,-1,1,1,2,2,1,1,1,1,4,3,0,1,2,0,36.9,2012.0,30,2,17,2,6,2020
86559,4,2,2,1,1,-1,3,2,1,-1,1,4,1,0,1,2,0,36.9,2011.0,25,2,17,2,6,2020
86561,4,2,2,1,1,-1,3,2,1,-1,1,0,1,2,1,2,60620,61.0,2011.0,25,2,17,2,6,2020
86565,2,1,1,4,1,1,-1,1,1,1,1,4,3,0,0,3,0,38.0,2012.0,30,3,23,2,6,2020
86567,2,1,1,4,1,1,-1,1,1,1,1,4,3,0,0,3,0,38.0,2004.0,30,3,23,2,6,2020
86568,2,1,1,4,1,1,-1,1,1,1,1,4,3,0,1,3,60637,30.0,2012.0,30,3,23,2,6,2020
86569,2,1,1,-1,1,1,-1,-1,1,-1,1,4,3,0,1,3,60637,30.0,2010.0,30,3,23,2,6,2020
86570,2,1,1,4,1,1,-1,1,1,1,1,4,3,0,1,3,60637,30.0,2004.0,30,3,23,2,6,2020
86571,2,1,1,4,1,1,-1,1,1,1,1,4,3,0,1,3,60409,48.0,2012.0,30,3,23,2,6,2020
86572,2,1,1,-1,1,1,-1,-1,1,-1,1,4,3,0,1,3,60409,48.0,2010.0,30,3,23,2,6,2020
86573,2,1,1,4,1,1,-1,1,1,1,1,4,3,0,1,3,60409,48.0,2004.0,30,3,23,2,6,2020
86793,1,1,1,1,1,1,4,1,1,2,1,3,2,0,1,0,60637,39.0,2011.0,30,2,10,3,6,2020
86856,1,1,1,2,1,0,3,1,1,1,1,4,3,0,1,1,60649,36.0,2005.0,30,2,12,3,6,2020
86857,1,1,1,2,1,0,8,4,1,1,1,4,3,0,1,1,60651,23.0,2019.0,30,2,12,3,6,2020
86858,1,1,1,2,1,0,3,1,1,1,1,4,3,0,1,1,60651,23.0,2005.0,30,2,12,3,6,2020
86962,1,1,1,2,1,0,4,6,1,1,1,3,3,0,0,0,60628,19.0,2008.0,30,2,13,3,6,2020
86963,1,1,1,2,1,0,3,2,1,2,1,3,3,0,0,0,60628,19.0,2011.0,30,2,13,3,6,2020
86981,1,1,1,6,1,0,4,4,1,2,1,3,3,0,0,0,60076,43.0,2010.0,30,2,13,3,6,2020
86992,1,1,1,4,1,1,1,1,1,2,1,3,2,0,0,0,60606,26.0,2002.0,30,2,13,3,6,2020
86993,1,1,1,1,1,1,11,1,1,2,1,3,2,0,0,0,60606,26.0,2012.0,30,2,13,3,6,2020
87155,1,1,1,2,1,1,5,3,1,1,1,3,1,0,0,0,60606,23.0,2020.0,30,2,15,3,6,2020
87218,1,1,1,1,1,1,1,1,1,1,1,4,3,0,1,1,60606,36.0,2018.0,30,2,15,3,6,2020
87219,1,1,1,2,1,1,10,1,1,1,1,4,3,0,1,1,60606,36.0,2004.0,30,2,15,3,6,2020
87220,1,1,1,1,1,1,1,1,1,1,1,4,3,0,1,1,60618,58.0,2018.0,30,2,15,3,6,2020
87221,1,1,1,2,1,1,10,1,1,1,1,4,3,0,1,1,60618,58.0,2004.0,30,2,15,3,6,2020
87444,1,1,1,4,1,1,2,3,1,1,1,3,3,0,1,0,60611,34.0,2014.0,30,2,17,3,6,2020
87531,1,1,1,1,1,1,10,1,1,1,1,4,3,0,1,2,0,36.9,2011.0,30,3,16,3,6,2020
87532,1,1,1,3,1,1,1,5,1,1,2,4,3,0,1,2,0,36.9,2015.0,30,3,16,3,6,2020
87533,1,1,1,4,1,1,1,1,1,1,1,4,3,0,1,2,0,36.9,2005.0,30,3,16,3,6,2020
87534,1,1,1,1,1,1,10,1,1,1,1,4,3,0,1,2,60478,30.0,2011.0,30,3,16,3,6,2020
87535,1,1,1,3,1,1,1,5,1,1,2,4,3,0,1,2,60478,30.0,2015.0,30,3,16,3,6,2020
87536,1,1,1,4,1,1,1,1,1,1,1,4,3,0,1,2,60478,30.0,2005.0,30,3,16,3,6,2020
87558,1,1,1,1,1,1,4,1,1,4,1,3,3,0,1,0,60804,22.0,2007.0,30,3,19,3,6,2020
87559,1,1,1,1,1,1,7,1,1,2,1,3,3,0,1,0,60804,22.0,2007.0,30,3,19,3,6,2020
87560,1,1,1,1,1,1,3,8,1,1,1,3,3,0,1,0,60804,22.0,2019.0,30,3,19,3,6,2020
87561,1,1,1,1,1,1,4,1,1,4,1,3,3,0,0,0,60623,49.0,2007.0,30,3,19,3,6,2020
87562,1,1,1,1,1,1,7,1,1,2,1,3,3,0,0,0,60623,49.0,2007.0,30,3,19,3,6,2020
87563,1,1,1,1,1,1,3,8,1,1,1,3,3,0,0,0,60623,49.0,2019.0,30,3,19,3,6,2020
87592,1,1,1,1,1,2,4,9,1,1,1,4,3,0,0,2,0,36.9,2000.0,30,2,19,3,6,2020
87593,1,1,1,4,1,2,5,1,1,-1,1,4,3,0,0,2,0,36.9,2016.0,30,2,19,3,6,2020
87594,1,1,1,1,1,2,4,9,1,1,1,4,3,0,1,2,60623,22.0,2000.0,30,2,19,3,6,2020
87595,1,1,1,4,1,2,5,1,1,-1,1,4,3,0,1,2,60623,22.0,2016.0,30,2,19,3,6,2020
87780,2,1,1,-1,1,0,-1,-1,1,-1,1,0,3,0,0,3,60628,22.0,2010.0,30,2,3,4,7,2020
87879,2,1,1,3,1,1,5,2,1,1,1,3,3,0,0,0,46408,35.0,2014.0,30,2,22,3,6,2020
88907,2,1,1,2,1,1,1,2,0,1,1,4,3,0,1,2,60630,24.0,2002.0,30,2,21,4,7,2020
88908,2,1,1,4,1,1,1,-1,0,1,1,4,3,0,1,2,60630,24.0,2019.0,30,2,21,4,7,2020
88909,2,1,1,2,1,1,1,2,0,1,1,4,3,0,1,2,60652,32.0,2002.0,30,2,21,4,7,2020
88910,2,1,1,4,1,1,1,-1,0,1,1,4,3,0,1,2,60652,32.0,2019.0,30,2,21,4,7,2020
88978,2,1,1,2,1,1,6,2,0,1,1,4,3,0,1,1,60624,18.0,2007.0,30,2,22,4,7,2020
88979,2,1,1,1,1,1,3,1,0,1,1,4,3,0,1,1,60624,18.0,2006.0,30,2,22,4,7,2020
88980,2,1,1,2,1,1,6,2,0,1,1,4,3,0,0,1,60623,22.0,2007.0,30,2,22,4,7,2020
88981,2,1,1,1,1,1,3,1,0,1,1,4,3,0,0,1,60623,22.0,2006.0,30,2,22,4,7,2020
89157,1,1,1,1,1,2,3,1,1,-1,1,4,3,0,1,1,0,36.0,2010.0,30,2,18,4,7,2020
89158,1,1,1,2,1,2,4,1,1,1,1,4,3,0,1,1,0,36.0,2013.0,30,2,18,4,7,2020
89159,1,1,1,1,1,2,3,1,1,-1,1,4,3,0,1,1,60637,32.0,2010.0,30,2,18,4,7,2020
89160,1,1,1,2,1,2,4,1,1,1,1,4,3,0,1,1,60637,32.0,2013.0,30,2,18,4,7,2020
89170,2,1,1,1,1,1,8,2,1,1,1,3,2,0,0,0,60637,20.0,2003.0,30,2,0,6,7,2020
89217,2,1,1,4,1,0,-1,4,1,2,1,0,3,-1,1,3,60609,25.0,2010.0,35,2,1,6,7,2020
89219,2,1,1,4,1,0,-1,4,1,2,1,4,3,0,0,3,60609,38.0,2010.0,35,2,1,6,7,2020
89244,1,1,1,1,1,1,3,4,1,1,1,3,2,0,0,0,60620,57.0,1999.0,30,2,7,6,7,2020
89372,2,1,1,2,1,1,3,6,1,1,1,3,3,0,1,0,60611,41.0,2005.0,30,2,1,7,7,2020
89373,2,1,1,2,1,1,11,1,1,7,1,3,3,0,1,0,60611,41.0,2009.0,30,2,1,7,7,2020
89678,2,1,1,2,1,1,5,1,1,1,1,4,3,0,0,2,60619,36.9,2016.0,35,2,0,1,7,2020
89679,2,1,1,3,1,1,1,1,1,2,1,4,3,0,0,2,60425,45.0,2011.0,35,2,0,1,7,2020
89680,2,1,1,2,1,1,5,1,1,1,1,4,3,0,0,2,60425,45.0,2016.0,35,2,0,1,7,2020
89707,2,1,1,3,1,1,1,1,1,1,1,4,3,0,1,3,60619,38.0,2018.0,30,2,3,1,7,2020
89708,2,1,1,2,1,1,-1,1,1,1,1,4,3,0,1,3,60619,38.0,2015.0,30,2,3,1,7,2020
89709,2,1,1,3,1,1,1,1,1,1,1,4,3,0,0,3,60619,25.0,2018.0,30,2,3,1,7,2020
89710,2,1,1,2,1,1,-1,1,1,1,1,4,3,0,0,3,60619,25.0,2015.0,30,2,3,1,7,2020
89921,1,1,1,3,1,2,3,1,1,1,1,4,3,0,0,0,60644,54.0,2010.0,30,2,19,1,7,2020
89996,1,1,1,1,1,1,1,1,0,1,1,4,3,0,1,2,60445,18.0,2013.0,25,2,5,2,7,2020
89997,1,1,1,4,1,1,10,1,0,5,1,4,3,0,1,2,60445,18.0,2007.0,25,2,5,2,7,2020
89998,1,1,1,1,1,1,1,1,0,1,1,4,3,0,0,2,60636,62.0,2013.0,25,2,5,2,7,2020
89999,1,1,1,4,1,1,10,1,0,5,1,4,3,0,0,2,60636,62.0,2007.0,25,2,5,2,7,2020
90269,1,1,1,3,1,1,-1,2,1,-1,1,4,3,0,0,3,60649,38.0,2010.0,30,2,17,2,7,2020
90270,1,1,1,3,1,1,3,1,1,1,1,4,3,0,0,3,60649,38.0,2003.0,30,2,17,2,7,2020
90271,1,1,1,3,1,1,-1,2,1,-1,1,4,3,0,1,3,60655,17.0,2010.0,30,2,17,2,7,2020
90272,1,1,1,3,1,1,3,1,1,1,1,4,3,0,1,3,60655,17.0,2003.0,30,2,17,2,7,2020
90438,1,1,1,1,1,1,9,1,1,7,1,4,1,0,1,0,60634,48.0,2016.0,30,2,11,3,7,2020
90624,4,-1,-1,3,1,2,12,1,1,1,1,2,2,2,1,3,60651,38.0,2015.0,25,2,20,3,7,2020
90626,4,-1,-1,3,1,2,12,1,1,1,1,4,2,0,0,3,60647,56.0,2015.0,25,2,20,3,7,2020
90647,2,2,1,1,1,1,4,1,1,1,1,3,3,0,1,0,60647,23.0,2012.0,30,2,0,4,7,2020
90735,1,1,1,3,1,2,1,1,1,1,1,4,3,0,0,2,60626,59.0,2014.0,30,2,10,4,7,2020
90736,1,1,1,2,1,2,5,1,1,1,1,4,3,0,0,2,60626,59.0,2009.0,30,2,10,4,7,2020
90737,1,1,1,3,1,2,1,1,1,1,1,4,3,0,0,2,60645,57.0,2014.0,30,2,10,4,7,2020
90738,1,1,1,2,1,2,5,1,1,1,1,4,3,0,0,2,60645,57.0,2009.0,30,2,10,4,7,2020
90766,2,2,2,2,1,0,-1,1,1,-1,1,4,3,0,1,2,0,36.9,2018.0,30,2,21,3,7,2020
90768,2,2,2,2,1,0,-1,1,1,-1,1,0,3,0,0,2,60645,27.0,2018.0,30,2,21,3,7,2020
90780,1,1,1,1,0,1,2,1,1,1,1,4,3,0,1,0,60619,33.0,2017.0,20,4,12,3,7,2020
91292,2,2,-1,4,1,1,-1,1,1,-1,1,0,3,0,1,3,60612,45.0,2010.0,30,2,2,6,7,2020
91414,1,1,1,2,1,1,-1,1,1,1,1,0,1,0,1,2,60624,52.0,2020.0,30,2,14,6,7,2020
91416,1,1,1,2,1,1,-1,1,1,1,1,4,1,0,0,2,60624,36.9,2020.0,30,2,14,6,7,2020
91531,2,1,1,2,1,1,3,2,1,1,1,4,3,0,0,3,60624,38.0,2010.0,35,2,0,7,7,2020
91532,2,1,1,4,1,1,5,1,1,1,1,4,3,0,0,3,60624,38.0,2006.0,35,2,0,7,7,2020
91533,2,1,1,2,1,1,3,2,1,1,1,4,3,0,0,3,60624,20.0,2010.0,35,2,0,7,7,2020
91534,2,1,1,4,1,1,5,1,1,1,1,4,3,0,0,3,60624,20.0,2006.0,35,2,0,7,7,2020
91681,1,2,2,4,1,2,6,1,1,1,1,3,3,0,0,0,60409,37.0,2010.0,30,2,12,7,7,2020
91859,1,1,1,4,1,2,8,1,1,1,1,4,3,0,1,1,60624,23.0,2019.0,30,2,8,1,7,2020
91860,1,1,1,3,1,2,4,1,1,1,1,4,3,0,1,1,60624,23.0,2016.0,30,2,8,1,7,2020
91867,1,1,1,4,1,2,8,1,1,1,1,4,3,0,0,1,60585,40.0,2019.0,30,2,8,1,7,2020
91868,1,1,1,3,1,2,4,1,1,1,1,4,3,0,0,1,60585,40.0,2016.0,30,2,8,1,7,2020
91935,1,1,1,3,1,2,3,2,1,1,1,4,3,0,0,2,60624,36.9,2002.0,20,2,12,7,7,2020
91936,1,1,1,5,1,2,1,4,1,1,1,4,3,0,1,2,60707,60.0,2011.0,20,2,12,7,7,2020
91937,1,1,1,3,1,2,3,2,1,1,1,4,3,0,1,2,60707,60.0,2002.0,20,2,12,7,7,2020
92012,2,1,1,4,1,1,2,3,1,2,1,4,3,0,1,1,60707,36.0,1998.0,30,2,21,7,7,2020
92013,2,1,1,4,1,1,1,1,1,1,1,4,3,0,1,1,60620,66.0,2010.0,30,2,21,7,7,2020
92014,2,1,1,4,1,1,2,3,1,2,1,4,3,0,1,1,60620,66.0,1998.0,30,2,21,7,7,2020
92049,2,1,1,3,1,1,6,2,1,2,1,4,3,0,1,0,60201,33.0,2010.0,30,2,3,2,7,2020
92050,2,1,1,3,1,1,3,4,1,4,1,4,3,0,1,0,60201,33.0,2015.0,30,2,3,2,7,2020
92055,2,1,1,4,1,1,1,1,1,1,1,3,3,0,1,0,60417,17.0,2005.0,30,2,3,2,7,2020
92195,1,1,1,3,1,1,9,1,1,1,1,3,1,0,1,0,60628,24.0,2003.0,30,2,12,2,7,2020
92283,1,1,1,3,1,0,4,8,1,1,1,3,2,0,1,0,60643,54.0,2009.0,30,2,16,2,7,2020
92284,1,1,1,2,1,0,12,3,1,1,1,3,2,0,1,0,60643,54.0,2015.0,30,2,16,2,7,2020
92384,2,1,1,2,1,1,1,1,1,1,1,4,3,0,1,0,60142,27.0,2006.0,35,2,0,3,7,2020
92930,1,1,3,1,1,2,10,1,1,1,1,3,3,0,1,0,60608,31.0,2017.0,25,2,15,4,7,2020
93119,1,1,1,3,1,1,4,1,1,3,1,3,2,0,1,0,60659,36.0,2014.0,30,2,5,3,7,2020
93188,2,1,1,1,1,1,1,1,0,1,1,4,3,2,1,3,60621,32.0,2004.0,30,6,22,5,7,2020
93189,2,1,1,1,1,1,10,3,0,1,1,4,3,2,1,3,60621,32.0,2020.0,30,6,22,5,7,2020
93190,2,1,1,1,1,1,9,3,0,1,1,4,3,2,1,3,60621,32.0,2018.0,30,6,22,5,7,2020
93191,2,1,1,1,1,1,2,5,0,1,2,4,3,2,1,3,60621,32.0,2017.0,30,6,22,5,7,2020
93192,2,1,1,1,1,1,2,5,0,1,2,4,3,2,1,3,60621,32.0,2016.0,30,6,22,5,7,2020
93193,2,1,1,1,1,1,2,5,0,1,2,4,3,2,1,3,60621,32.0,2011.0,30,6,22,5,7,2020
93194,2,1,1,1,1,1,1,1,0,1,1,4,3,0,0,3,60631,23.0,2004.0,30,6,22,5,7,2020
93195,2,1,1,1,1,1,10,3,0,1,1,4,3,0,0,3,60631,23.0,2020.0,30,6,22,5,7,2020
93196,2,1,1,1,1,1,9,3,0,1,1,4,3,0,0,3,60631,23.0,2018.0,30,6,22,5,7,2020
93197,2,1,1,1,1,1,2,5,0,1,2,4,3,0,0,3,60631,23.0,2017.0,30,6,22,5,7,2020
93198,2,1,1,1,1,1,2,5,0,1,2,4,3,0,0,3,60631,23.0,2016.0,30,6,22,5,7,2020
93199,2,1,1,1,1,1,2,5,0,1,2,4,3,0,0,3,60631,23.0,2011.0,30,6,22,5,7,2020
93200,2,1,1,1,1,1,1,1,0,1,1,4,3,0,1,3,60077,43.0,2004.0,30,6,22,5,7,2020
93201,2,1,1,1,1,1,10,3,0,1,1,4,3,0,1,3,60077,43.0,2020.0,30,6,22,5,7,2020
93202,2,1,1,1,1,1,9,3,0,1,1,4,3,0,1,3,60077,43.0,2018.0,30,6,22,5,7,2020
93203,2,1,1,1,1,1,2,5,0,1,2,4,3,0,1,3,60077,43.0,2017.0,30,6,22,5,7,2020
93204,2,1,1,1,1,1,2,5,0,1,2,4,3,0,1,3,60077,43.0,2016.0,30,6,22,5,7,2020
93205,2,1,1,1,1,1,2,5,0,1,2,4,3,0,1,3,60077,43.0,2011.0,30,6,22,5,7,2020
93280,1,1,1,3,1,1,2,1,1,2,1,3,2,0,1,0,60609,38.0,2006.0,30,2,6,6,7,2020
93375,1,1,1,2,1,2,4,1,0,1,1,4,3,0,1,0,60624,35.0,2002.0,30,2,16,7,7,2020
93376,1,1,1,3,1,2,8,1,0,1,1,4,3,0,1,0,60624,35.0,2015.0,30,2,16,7,7,2020
93377,1,1,1,2,1,2,4,1,0,1,1,4,3,0,0,0,60612,42.0,2002.0,30,2,16,7,7,2020
93378,1,1,1,3,1,2,8,1,0,1,1,4,3,0,0,0,60612,42.0,2015.0,30,2,16,7,7,2020
93454,2,1,1,1,1,1,1,1,1,1,1,3,3,0,0,0,60653,27.0,2016.0,30,2,21,7,7,2020
93455,2,1,1,1,1,1,2,1,1,1,1,3,3,0,0,0,60653,27.0,2020.0,30,2,21,7,7,2020
93576,2,1,1,2,1,1,5,1,1,1,1,4,3,0,1,0,48917,29.0,2012.0,30,2,22,7,7,2020
93632,1,1,1,1,1,1,6,1,1,1,1,3,3,0,1,0,60657,36.0,2012.0,30,2,19,2,7,2020
93640,5,1,1,4,1,1,1,14,1,1,1,4,3,0,1,1,48185,36.0,2018.0,30,3,20,2,7,2020
93641,5,1,1,3,1,1,5,2,1,1,1,4,3,0,1,1,48185,36.0,2003.0,30,3,20,2,7,2020
93642,5,1,1,3,1,1,9,1,1,1,1,4,3,0,1,1,48185,36.0,2015.0,30,3,20,2,7,2020
93643,5,1,1,4,1,1,1,14,1,1,1,4,3,0,0,1,60707,48.0,2018.0,30,3,20,2,7,2020
93644,5,1,1,3,1,1,5,2,1,1,1,4,3,0,0,1,60707,48.0,2003.0,30,3,20,2,7,2020
93645,5,1,1,3,1,1,9,1,1,1,1,4,3,0,0,1,60707,48.0,2015.0,30,3,20,2,7,2020
93646,5,1,1,4,1,1,1,14,1,1,1,4,3,0,1,1,60644,31.0,2018.0,30,3,20,2,7,2020
93647,5,1,1,3,1,1,5,2,1,1,1,4,3,0,1,1,60644,31.0,2003.0,30,3,20,2,7,2020
93648,5,1,1,3,1,1,9,1,1,1,1,4,3,0,1,1,60644,31.0,2015.0,30,3,20,2,7,2020
93734,1,1,1,4,1,2,-1,4,1,1,1,4,3,0,0,1,0,36.0,2012.0,35,2,12,4,7,2020
93735,1,1,1,4,1,2,3,1,1,2,1,4,3,0,0,1,0,36.0,2011.0,35,2,12,4,7,2020
93736,1,1,1,4,1,2,-1,4,1,1,1,4,3,0,0,1,60636,26.0,2012.0,35,2,12,4,7,2020
93737,1,1,1,4,1,2,3,1,1,2,1,4,3,0,0,1,60636,26.0,2011.0,35,2,12,4,7,2020