index,LIGHTING_CONDITION,ROADWAY_SURFACE_COND,WEATHER_CONDITION,TRAVEL_DIRECTION,INTERSECTION_RELATED,TRAFFIC_CONTROL_DEVICE,FIRST_CONTACT_POINT,MANEUVER,HIT_AND_RUN,VEHICLE_TYPE,UNIT_TYPE,FATAL_COND,DAMAGE_COST,BAC_RESULT,SEX,FATAL_DEGREE,ZIPCODE,AGE,VEHICLE_YEAR,POSTED_SPEED_LIMIT,NUM_UNITS,CRASH_HOUR,CRASH_DAY_OF_WEEK,CRASH_MONTH,CRASH_YEAR
93997,2,2,2,4,1,2,1,1,1,1,1,4,3,0,0,3,0,38.0,2017.0,30,2,0,1,7,2020
93998,2,2,2,3,1,2,9,1,1,1,1,4,3,0,0,3,0,38.0,1999.0,30,2,0,1,7,2020
93999,2,2,2,4,1,2,1,1,1,1,1,4,3,0,1,3,60643,38.0,2017.0,30,2,0,1,7,2020
94000,2,2,2,3,1,2,9,1,1,1,1,4,3,0,1,3,60643,38.0,1999.0,30,2,0,1,7,2020
94047,1,1,1,2,1,1,1,1,0,1,1,3,2,0,1,0,60639,36.0,2004.0,30,2,9,1,7,2020
94048,1,1,1,2,1,1,8,1,0,4,1,3,2,0,1,0,60639,36.0,2008.0,30,2,9,1,7,2020
94746,1,1,1,2,1,1,1,1,1,1,1,4,2,0,1,2,60624,36.9,2015.0,30,2,12,5,7,2020
94747,1,1,1,2,1,1,2,1,1,1,1,4,2,0,1,2,60624,36.9,2013.0,30,2,12,5,7,2020
94748,1,1,1,2,1,1,1,1,1,1,1,4,2,0,0,2,60643,38.0,2015.0,30,2,12,5,7,2020
94749,1,1,1,2,1,1,2,1,1,1,1,4,2,0,0,2,60643,38.0,2013.0,30,2,12,5,7,2020
95228,1,1,1,2,1,1,2,3,1,1,1,3,1,0,0,0,60643,22.0,2012.0,35,2,12,5,7,2020
95432,1,1,1,3,1,0,5,2,1,1,1,4,3,0,1,1,60643,36.0,2017.0,35,2,15,5,7,2020
95433,1,1,1,3,1,0,1,6,1,1,1,4,3,0,1,1,60626,40.0,2010.0,35,2,15,5,7,2020
95434,1,1,1,3,1,0,5,2,1,1,1,4,3,0,1,1,60626,40.0,2017.0,35,2,15,5,7,2020
95514,1,1,1,1,1,1,1,1,1,3,1,3,2,0,1,0,60655,54.0,2006.0,30,2,15,5,7,2020
95726,1,1,1,3,1,2,1,9,1,1,1,3,3,0,0,0,60653,21.0,2017.0,30,2,18,5,7,2020
95968,1,1,1,2,1,1,4,2,0,2,1,3,3,0,1,0,60652,60.0,2015.0,35,2,18,5,7,2020
95977,2,1,1,6,1,1,-1,-1,1,-1,1,4,1,0,0,1,0,36.0,2010.0,30,2,19,5,7,2020
95978,2,1,1,6,1,1,7,2,1,1,1,4,1,0,0,1,0,36.0,2014.0,30,2,19,5,7,2020
95979,2,1,1,6,1,1,-1,-1,1,-1,1,4,1,0,1,1,60463,41.0,2010.0,30,2,19,5,7,2020
95980,2,1,1,6,1,1,7,2,1,1,1,4,1,0,1,1,60463,41.0,2014.0,30,2,19,5,7,2020
96059,2,1,1,2,1,1,1,1,1,1,1,4,3,0,1,2,0,36.9,2006.0,30,3,22,5,7,2020
96060,2,1,1,3,1,1,1,1,1,6,1,4,3,0,1,2,0,36.9,2016.0,30,3,22,5,7,2020
96061,2,1,1,1,1,1,3,1,1,1,1,4,3,0,1,2,0,36.9,2017.0,30,3,22,5,7,2020
96062,2,1,1,2,1,1,1,1,1,1,1,4,3,0,1,2,60618,25.0,2006.0,30,3,22,5,7,2020
96063,2,1,1,3,1,1,1,1,1,6,1,4,3,0,1,2,60618,25.0,2016.0,30,3,22,5,7,2020
96064,2,1,1,1,1,1,3,1,1,1,1,4,3,0,1,2,60618,25.0,2017.0,30,3,22,5,7,2020
96065,2,1,1,2,1,1,1,1,1,1,1,4,3,0,0,2,60477,37.0,2006.0,30,3,22,5,7,2020
96066,2,1,1,3,1,1,1,1,1,6,1,4,3,0,0,2,60477,37.0,2016.0,30,3,22,5,7,2020
96067,2,1,1,1,1,1,3,1,1,1,1,4,3,0,0,2,60477,37.0,2017.0,30,3,22,5,7,2020
96083,2,1,1,1,1,2,3,1,1,1,1,4,3,0,1,0,60644,32.0,2005.0,30,2,23,5,7,2020
96084,2,1,1,1,1,2,8,1,1,1,1,4,3,0,1,0,60644,32.0,2016.0,30,2,23,5,7,2020
96085,2,1,1,1,1,2,3,1,1,1,1,4,3,0,0,0,60624,37.0,2005.0,30,2,23,5,7,2020
96086,2,1,1,1,1,2,8,1,1,1,1,4,3,0,0,0,60624,37.0,2016.0,30,2,23,5,7,2020
96378,2,1,1,2,1,1,1,1,0,1,1,4,3,0,1,3,60624,37.0,2008.0,30,3,1,6,7,2020
96379,2,1,1,1,1,1,3,1,0,3,1,4,3,0,1,3,60624,37.0,2007.0,30,3,1,6,7,2020
96380,2,1,1,4,1,1,12,3,0,1,1,4,3,0,1,3,60624,37.0,1996.0,30,3,1,6,7,2020
96384,2,1,1,2,1,1,1,1,0,1,1,4,3,0,1,3,60619,48.0,2008.0,30,3,1,6,7,2020
96385,2,1,1,1,1,1,3,1,0,3,1,4,3,0,1,3,60619,48.0,2007.0,30,3,1,6,7,2020
96386,2,1,1,4,1,1,12,3,0,1,1,4,3,0,1,3,60619,48.0,1996.0,30,3,1,6,7,2020
96387,2,1,1,2,1,1,1,1,0,1,1,4,3,0,1,3,60827,59.0,2008.0,30,3,1,6,7,2020
96388,2,1,1,1,1,1,3,1,0,3,1,4,3,0,1,3,60827,59.0,2007.0,30,3,1,6,7,2020
96389,2,1,1,4,1,1,12,3,0,1,1,4,3,0,1,3,60827,59.0,1996.0,30,3,1,6,7,2020
96437,2,1,1,2,1,2,5,1,1,1,1,4,3,0,1,0,60651,22.0,1999.0,30,3,0,7,7,2020
96438,2,1,1,3,1,2,2,5,1,1,2,4,3,0,1,0,60651,22.0,2015.0,30,3,0,7,7,2020
96488,1,1,1,1,1,1,-1,1,1,2,1,4,3,0,1,3,60651,38.0,2007.0,30,2,6,7,7,2020
96489,1,1,1,4,1,1,9,1,1,1,1,4,3,0,1,3,60651,38.0,2008.0,30,2,6,7,7,2020
96490,1,1,1,1,1,1,-1,1,1,2,1,4,3,0,1,3,60639,72.0,2007.0,30,2,6,7,7,2020
96491,1,1,1,4,1,1,9,1,1,1,1,4,3,0,1,3,60639,72.0,2008.0,30,2,6,7,7,2020
96517,1,1,1,2,1,1,1,1,1,2,1,4,3,0,1,0,60634,49.0,2004.0,30,2,7,7,7,2020
96518,1,1,1,1,1,1,5,1,1,4,1,4,3,0,1,0,60634,49.0,2014.0,30,2,7,7,7,2020
96521,1,1,1,1,1,1,-1,1,1,2,1,4,3,0,1,3,60402,46.0,2006.0,30,2,9,7,7,2020
96522,1,1,1,1,1,1,-1,1,1,4,1,4,3,0,1,3,60402,46.0,2019.0,30,2,9,7,7,2020
96523,1,1,1,1,1,1,-1,1,1,2,1,4,3,0,0,3,60634,38.0,2006.0,30,2,9,7,7,2020
96524,1,1,1,1,1,1,-1,1,1,4,1,4,3,0,0,3,60634,38.0,2019.0,30,2,9,7,7,2020
96622,1,1,1,4,0,1,1,1,1,1,1,3,2,0,1,0,60513,43.0,2010.0,30,2,0,6,7,2020
96623,1,1,1,4,0,1,2,3,1,1,1,3,2,0,1,0,60513,43.0,2010.0,30,2,0,6,7,2020
96962,1,1,1,1,1,1,1,1,1,2,1,4,2,0,0,1,60644,36.0,2010.0,30,2,12,6,7,2020
96963,1,1,1,1,1,1,2,3,1,2,1,4,2,0,0,1,60644,36.0,2017.0,30,2,12,6,7,2020
96964,1,1,1,1,1,1,1,1,1,2,1,4,2,0,1,1,60656,36.0,2010.0,30,2,12,6,7,2020
96965,1,1,1,1,1,1,2,3,1,2,1,4,2,0,1,1,60656,36.0,2017.0,30,2,12,6,7,2020
97312,1,1,1,2,1,1,2,3,1,1,1,3,2,0,1,0,60104,65.0,2017.0,30,2,14,6,7,2020
97407,1,1,1,3,1,1,9,1,1,1,1,3,3,0,1,0,60649,66.0,2006.0,30,2,16,6,7,2020
97529,1,1,1,2,1,2,-1,-1,1,-1,1,4,2,0,0,2,60649,36.9,2011.0,30,2,18,6,7,2020
97531,1,1,1,2,1,2,-1,-1,1,-1,1,0,2,2,1,2,60649,60.0,2011.0,30,2,18,6,7,2020
97740,1,1,1,4,0,0,3,1,1,1,1,4,3,0,1,0,60628,38.0,2014.0,25,4,19,6,7,2020
97741,1,1,1,1,0,0,5,5,1,1,2,4,3,0,1,0,60628,38.0,2013.0,25,4,19,6,7,2020
97742,1,1,1,1,0,0,7,5,1,1,2,4,3,0,1,0,60628,38.0,2017.0,25,4,19,6,7,2020
97862,3,1,1,4,1,1,1,1,1,3,1,3,3,0,1,0,60633,53.0,2009.0,30,2,23,6,7,2020
97863,3,1,1,4,1,1,2,1,1,2,1,3,3,0,1,0,60633,53.0,2017.0,30,2,23,6,7,2020
97879,2,1,1,2,1,1,1,1,1,1,1,4,3,0,1,0,60148,50.0,2014.0,30,2,22,6,7,2020
98020,4,1,1,1,0,1,2,1,1,1,1,4,1,0,1,1,0,36.0,2007.0,35,2,19,6,7,2020
98021,4,1,1,1,0,1,1,8,1,1,1,4,1,0,1,1,0,36.0,2007.0,35,2,19,6,7,2020
98022,4,1,1,1,0,1,2,1,1,1,1,4,1,0,0,1,60430,60.0,2007.0,35,2,19,6,7,2020
98023,4,1,1,1,0,1,1,8,1,1,1,4,1,0,0,1,60430,60.0,2007.0,35,2,19,6,7,2020
98069,2,1,1,4,1,1,1,1,1,1,1,4,3,2,1,0,60628,54.0,2004.0,30,2,0,2,7,2020
98070,2,1,1,3,1,1,3,1,1,1,1,4,3,2,1,0,60628,54.0,2005.0,30,2,0,2,7,2020
98134,1,1,1,4,0,1,4,6,1,1,1,4,3,0,1,0,60656,29.0,2003.0,30,2,16,6,7,2020
98135,1,1,1,8,0,1,3,16,1,1,1,4,3,0,1,0,60656,29.0,2012.0,30,2,16,6,7,2020
98230,2,1,1,4,1,1,1,1,1,1,1,4,3,0,1,0,60649,25.0,1999.0,30,2,3,1,7,2020
98249,1,1,1,2,1,2,3,1,1,1,1,4,3,0,0,0,60619,53.0,2019.0,30,2,19,2,7,2020
98250,1,1,1,1,1,2,7,1,1,1,1,4,3,0,0,0,60619,53.0,2019.0,30,2,19,2,7,2020
98278,1,2,3,2,1,1,4,1,1,2,1,3,2,0,0,0,60189,36.0,2016.0,30,2,10,1,7,2020
98288,2,1,1,3,1,2,4,1,1,1,1,3,3,0,0,0,60612,25.0,2011.0,30,2,3,1,7,2020
98323,1,1,3,4,1,1,4,3,1,1,1,3,3,0,0,0,60406,47.0,2014.0,30,2,13,1,7,2020
98504,2,-1,1,4,1,1,1,1,1,1,1,4,3,0,1,2,60612,31.0,2008.0,30,3,1,1,7,2020
98505,2,-1,1,3,1,1,1,1,1,1,1,4,3,0,1,2,60612,31.0,1998.0,30,3,1,1,7,2020
98506,2,-1,1,2,1,1,1,3,1,1,1,4,3,0,1,2,60612,31.0,2007.0,30,3,1,1,7,2020
98507,2,-1,1,4,1,1,1,1,1,1,1,4,3,0,0,2,60617,33.0,2008.0,30,3,1,1,7,2020
98508,2,-1,1,3,1,1,1,1,1,1,1,4,3,0,0,2,60617,33.0,1998.0,30,3,1,1,7,2020
98509,2,-1,1,2,1,1,1,3,1,1,1,4,3,0,0,2,60617,33.0,2007.0,30,3,1,1,7,2020
98510,2,-1,1,4,1,1,1,1,1,1,1,4,3,0,1,2,60445,33.0,2008.0,30,3,1,1,7,2020
98511,2,-1,1,3,1,1,1,1,1,1,1,4,3,0,1,2,60445,33.0,1998.0,30,3,1,1,7,2020
98512,2,-1,1,2,1,1,1,3,1,1,1,4,3,0,1,2,60445,33.0,2007.0,30,3,1,1,7,2020
98516,1,1,1,4,1,2,-1,1,1,-1,1,4,3,0,0,2,60617,36.9,2011.0,30,3,12,7,7,2020
98517,1,1,1,7,1,2,5,2,1,1,1,4,3,0,0,2,60617,36.9,2014.0,30,3,12,7,7,2020
98518,1,1,1,4,1,2,1,1,1,1,1,4,3,0,0,2,60617,36.9,2013.0,30,3,12,7,7,2020
98519,1,1,1,4,1,2,-1,1,1,-1,1,4,3,0,1,2,60621,27.0,2011.0,30,3,12,7,7,2020
98520,1,1,1,7,1,2,5,2,1,1,1,4,3,0,1,2,60621,27.0,2014.0,30,3,12,7,7,2020
98521,1,1,1,4,1,2,1,1,1,1,1,4,3,0,1,2,60621,27.0,2013.0,30,3,12,7,7,2020
98522,1,1,1,4,1,2,-1,1,1,-1,1,4,3,0,1,2,60615,70.0,2011.0,30,3,12,7,7,2020
98523,1,1,1,7,1,2,5,2,1,1,1,4,3,0,1,2,60615,70.0,2014.0,30,3,12,7,7,2020
98524,1,1,1,4,1,2,1,1,1,1,1,4,3,0,1,2,60615,70.0,2013.0,30,3,12,7,7,2020
98652,2,1,1,3,1,1,9,3,1,1,1,3,3,0,1,0,60628,61.0,2013.0,30,2,3,7,7,2020
98658,2,1,1,1,0,0,4,1,1,3,1,4,3,0,0,1,60628,36.0,2007.0,30,1,3,7,7,2020
98861,1,1,1,3,1,1,-1,1,1,-1,1,4,3,0,0,3,60632,38.0,2010.0,30,3,14,7,7,2020
98864,1,1,1,3,1,1,-1,1,1,-1,1,0,3,0,0,3,60644,34.0,2010.0,30,3,14,7,7,2020
98867,1,1,1,3,1,1,-1,1,1,-1,1,0,3,0,1,3,60644,35.0,2010.0,30,3,14,7,7,2020
98945,1,1,1,1,1,1,1,1,1,1,1,4,3,0,1,0,60062,27.0,1993.0,30,2,15,7,7,2020
98999,1,1,1,3,1,2,1,1,0,1,1,4,2,0,0,0,60619,86.0,2013.0,30,2,15,7,7,2020
99000,1,1,1,2,1,2,3,1,0,1,1,4,2,0,0,0,60619,86.0,2004.0,30,2,15,7,7,2020
99081,1,1,1,3,1,2,11,1,1,1,1,4,3,0,0,1,60653,36.0,2020.0,30,2,17,7,7,2020
99082,1,1,1,2,1,2,1,6,1,-1,1,4,3,0,0,1,60653,36.0,2010.0,30,2,17,7,7,2020
99083,1,1,1,3,1,2,11,1,1,1,1,4,3,0,1,1,60653,36.0,2020.0,30,2,17,7,7,2020
99125,1,1,1,4,1,2,1,1,1,-1,1,4,3,0,0,3,60653,38.0,2010.0,25,2,16,7,7,2020
99126,1,1,1,1,1,2,6,1,1,1,1,4,3,0,0,3,60653,38.0,1998.0,25,2,16,7,7,2020
99127,1,1,1,4,1,2,1,1,1,-1,1,4,3,0,0,3,60634,26.0,2010.0,25,2,16,7,7,2020
99128,1,1,1,1,1,2,6,1,1,1,1,4,3,0,0,3,60634,26.0,1998.0,25,2,16,7,7,2020
99216,1,1,1,2,1,1,3,8,0,1,1,4,3,0,1,0,60649,32.0,2014.0,30,2,19,7,7,2020
99217,1,1,1,2,1,1,4,1,0,1,1,4,3,0,1,0,60649,32.0,2011.0,30,2,19,7,7,2020
99218,1,1,1,2,1,1,3,8,0,1,1,4,3,0,1,0,60409,27.0,2014.0,30,2,19,7,7,2020
99219,1,1,1,2,1,1,4,1,0,1,1,4,3,0,1,0,60409,27.0,2011.0,30,2,19,7,7,2020
99229,1,1,1,1,1,1,1,3,1,1,1,3,3,0,0,0,60637,33.0,2016.0,30,2,18,7,7,2020
99269,1,1,1,3,1,1,2,3,1,1,1,4,2,0,0,1,60637,36.0,2018.0,30,2,18,7,7,2020
99270,1,1,1,3,1,1,1,1,1,1,1,4,2,0,1,1,60411,26.0,2010.0,30,2,18,7,7,2020
99271,1,1,1,3,1,1,2,3,1,1,1,4,2,0,1,1,60411,26.0,2018.0,30,2,18,7,7,2020
99721,2,1,1,3,0,1,2,1,1,1,1,4,3,0,1,1,60563,18.0,2009.0,30,2,23,7,7,2020
99722,2,1,1,3,0,1,1,1,1,4,1,4,3,0,1,1,60563,18.0,2003.0,30,2,23,7,7,2020
99723,2,1,1,3,0,1,2,1,1,1,1,4,3,0,1,1,60622,36.0,2009.0,30,2,23,7,7,2020
99724,2,1,1,3,0,1,1,1,1,4,1,4,3,0,1,1,60622,36.0,2003.0,30,2,23,7,7,2020
99893,1,1,1,4,1,0,1,1,1,1,1,3,3,0,0,0,60622,35.0,2014.0,35,2,16,7,7,2020
99928,5,1,1,2,1,1,2,3,1,1,1,3,2,0,1,0,60608,32.0,2016.0,30,2,19,7,7,2020
100558,2,1,1,4,1,1,1,1,1,1,1,3,1,0,0,0,60625,21.0,1999.0,30,2,21,2,7,2020
100561,1,1,1,2,1,1,1,1,0,1,1,4,3,0,1,3,60440,22.0,2012.0,30,2,19,1,7,2020
100562,1,1,1,3,1,1,8,1,0,1,1,4,3,0,1,3,60440,22.0,2005.0,30,2,19,1,7,2020
100563,1,1,1,2,1,1,1,1,0,1,1,4,3,0,1,3,60527,51.0,2012.0,30,2,19,1,7,2020
100564,1,1,1,3,1,1,8,1,0,1,1,4,3,0,1,3,60527,51.0,2005.0,30,2,19,1,7,2020
100568,1,2,2,3,1,2,10,1,1,1,1,4,3,0,1,2,60440,36.9,2017.0,30,2,11,1,7,2020
100569,1,2,2,2,1,2,1,-1,1,4,1,4,3,0,1,2,60615,43.0,2011.0,30,2,11,1,7,2020
100570,1,2,2,3,1,2,10,1,1,1,1,4,3,0,1,2,60615,43.0,2017.0,30,2,11,1,7,2020
100581,2,1,1,3,1,1,1,3,1,1,1,3,3,0,1,0,60526,19.0,2013.0,30,4,22,7,7,2020
100634,2,1,1,1,1,1,9,2,1,1,1,3,2,0,1,0,60643,20.0,2011.0,30,2,0,1,7,2020
100691,2,1,1,3,1,1,1,1,1,1,1,4,2,0,1,0,60618,66.0,2004.0,30,2,1,1,7,2020
100692,2,1,1,4,1,1,11,1,1,1,1,4,2,0,1,0,60618,66.0,2013.0,30,2,1,1,7,2020
100707,2,1,1,1,1,2,1,1,1,1,1,3,3,0,1,0,60620,32.0,2018.0,30,2,1,1,7,2020
100708,2,1,1,4,1,2,5,1,1,1,1,3,3,0,1,0,60620,32.0,2007.0,30,2,1,1,7,2020
100729,2,1,1,4,1,1,1,1,1,1,1,3,3,0,1,0,60616,28.0,2002.0,30,2,0,1,7,2020
100730,2,1,1,2,1,1,1,1,1,1,1,3,3,0,1,0,60616,28.0,2017.0,30,2,0,1,7,2020
100731,2,1,1,4,1,1,1,1,1,1,1,3,3,0,1,0,60619,46.0,2002.0,30,2,0,1,7,2020
100732,2,1,1,2,1,1,1,1,1,1,1,3,3,0,1,0,60619,46.0,2017.0,30,2,0,1,7,2020
100767,2,1,1,4,1,1,1,4,0,1,1,4,3,0,1,1,60624,27.0,2020.0,35,4,2,1,7,2020
100768,2,1,1,4,1,1,2,6,0,1,1,4,3,0,1,1,60624,27.0,2014.0,35,4,2,1,7,2020
100769,2,1,1,1,1,1,4,1,0,1,1,4,3,0,1,1,60624,27.0,2013.0,35,4,2,1,7,2020
100770,2,1,1,8,1,1,3,4,0,1,1,4,3,0,1,1,60624,27.0,2019.0,35,4,2,1,7,2020
100771,2,1,1,4,1,1,1,4,0,1,1,4,3,0,1,1,60623,38.0,2020.0,35,4,2,1,7,2020
100772,2,1,1,4,1,1,2,6,0,1,1,4,3,0,1,1,60623,38.0,2014.0,35,4,2,1,7,2020
100773,2,1,1,1,1,1,4,1,0,1,1,4,3,0,1,1,60623,38.0,2013.0,35,4,2,1,7,2020
100774,2,1,1,8,1,1,3,4,0,1,1,4,3,0,1,1,60623,38.0,2019.0,35,4,2,1,7,2020
100775,2,1,1,4,1,1,1,4,0,1,1,4,3,0,1,1,60644,26.0,2020.0,35,4,2,1,7,2020
100776,2,1,1,4,1,1,2,6,0,1,1,4,3,0,1,1,60644,26.0,2014.0,35,4,2,1,7,2020
100777,2,1,1,1,1,1,4,1,0,1,1,4,3,0,1,1,60644,26.0,2013.0,35,4,2,1,7,2020
100778,2,1,1,8,1,1,3,4,0,1,1,4,3,0,1,1,60644,26.0,2019.0,35,4,2,1,7,2020
100779,2,1,1,4,1,1,1,4,0,1,1,4,3,0,0,1,60624,26.0,2020.0,35,4,2,1,7,2020
100780,2,1,1,4,1,1,2,6,0,1,1,4,3,0,0,1,60624,26.0,2014.0,35,4,2,1,7,2020
100781,2,1,1,1,1,1,4,1,0,1,1,4,3,0,0,1,60624,26.0,2013.0,35,4,2,1,7,2020
100782,2,1,1,8,1,1,3,4,0,1,1,4,3,0,0,1,60624,26.0,2019.0,35,4,2,1,7,2020
101131,1,1,1,1,1,1,3,2,1,1,1,3,2,0,1,0,60610,27.0,2020.0,30,2,14,1,7,2020
101168,1,1,1,2,1,0,7,1,1,1,1,3,1,0,1,0,60617,49.0,2012.0,30,2,14,1,7,2020
101312,1,1,1,1,1,2,1,1,1,-1,1,4,3,0,1,1,0,36.0,2010.0,25,4,17,1,7,2020
101313,1,1,1,4,1,2,9,1,1,1,1,4,3,0,1,1,0,36.0,2006.0,25,4,17,1,7,2020
101314,1,1,1,4,1,2,2,5,1,1,2,4,3,0,1,1,0,36.0,2006.0,25,4,17,1,7,2020
101315,1,1,1,4,1,2,2,5,1,2,2,4,3,0,1,1,0,36.0,2007.0,25,4,17,1,7,2020
101316,1,1,1,1,1,2,1,1,1,-1,1,4,3,0,0,1,60620,17.0,2010.0,25,4,17,1,7,2020
101317,1,1,1,4,1,2,9,1,1,1,1,4,3,0,0,1,60620,17.0,2006.0,25,4,17,1,7,2020
101318,1,1,1,4,1,2,2,5,1,1,2,4,3,0,0,1,60620,17.0,2006.0,25,4,17,1,7,2020
101319,1,1,1,4,1,2,2,5,1,2,2,4,3,0,0,1,60620,17.0,2007.0,25,4,17,1,7,2020
101377,1,1,1,3,1,1,-1,1,1,2,1,4,3,0,0,2,0,36.9,2011.0,30,2,19,1,7,2020
101379,1,1,1,3,1,1,-1,1,1,2,1,2,3,0,1,2,60620,24.0,2011.0,30,2,19,1,7,2020
101384,1,1,1,5,1,2,10,1,1,1,1,3,3,0,1,0,60620,21.0,2011.0,30,2,13,1,7,2020
101426,1,1,1,2,1,2,1,1,1,1,1,4,3,0,0,3,60620,38.0,2015.0,30,2,19,1,7,2020
101427,1,1,1,6,1,2,2,4,1,1,1,4,3,0,0,3,60629,22.0,2010.0,30,2,19,1,7,2020
101428,1,1,1,2,1,2,1,1,1,1,1,4,3,0,0,3,60629,22.0,2015.0,30,2,19,1,7,2020
101473,2,1,1,2,0,1,2,3,1,1,1,4,3,0,1,2,60629,36.9,2006.0,30,3,21,1,7,2020
101474,2,1,1,2,0,1,2,3,1,1,1,4,3,0,1,2,60629,36.9,2010.0,30,3,21,1,7,2020
101475,2,1,1,2,0,1,1,1,1,1,1,4,3,0,1,2,60608,44.0,2011.0,30,3,21,1,7,2020
101476,2,1,1,2,0,1,2,3,1,1,1,4,3,0,1,2,60608,44.0,2006.0,30,3,21,1,7,2020
101477,2,1,1,2,0,1,2,3,1,1,1,4,3,0,1,2,60608,44.0,2010.0,30,3,21,1,7,2020
101478,2,1,1,2,0,1,1,1,1,1,1,4,3,0,1,2,60616,40.0,2011.0,30,3,21,1,7,2020
101479,2,1,1,2,0,1,2,3,1,1,1,4,3,0,1,2,60616,40.0,2006.0,30,3,21,1,7,2020
101480,2,1,1,2,0,1,2,3,1,1,1,4,3,0,1,2,60616,40.0,2010.0,30,3,21,1,7,2020
101607,2,1,1,3,1,3,1,6,1,1,1,4,3,0,0,2,60628,36.9,2005.0,30,2,20,1,7,2020
101608,2,1,1,2,1,3,3,2,1,2,1,4,3,0,0,2,60628,36.9,2016.0,30,2,20,1,7,2020
101609,2,1,1,3,1,3,1,6,1,1,1,4,3,0,0,2,60624,38.0,2005.0,30,2,20,1,7,2020
101610,2,1,1,2,1,3,3,2,1,2,1,4,3,0,0,2,60624,38.0,2016.0,30,2,20,1,7,2020
101980,2,1,1,1,1,1,1,1,1,2,1,4,3,0,0,0,60634,34.0,2008.0,30,4,0,3,7,2020
101981,2,1,1,1,1,1,2,3,1,2,1,4,3,0,0,0,60634,34.0,2008.0,30,4,0,3,7,2020
101982,2,1,1,1,1,1,8,5,1,1,2,4,3,0,0,0,60634,34.0,2004.0,30,4,0,3,7,2020
101983,2,1,1,1,1,1,8,5,1,1,2,4,3,0,0,0,60634,34.0,2011.0,30,4,0,3,7,2020
102313,3,1,1,3,1,1,1,1,1,1,1,4,3,0,1,3,60104,29.0,2002.0,30,2,0,2,7,2020
102314,3,1,1,4,1,1,6,1,1,1,1,4,3,0,1,3,60104,29.0,2016.0,30,2,0,2,7,2020
102315,3,1,1,3,1,1,1,1,1,1,1,4,3,0,1,3,60617,49.0,2002.0,30,2,0,2,7,2020
102316,3,1,1,4,1,1,6,1,1,1,1,4,3,0,1,3,60617,49.0,2016.0,30,2,0,2,7,2020
102331,5,1,1,2,1,1,1,1,1,3,1,4,3,0,1,0,60651,32.0,2008.0,30,3,5,2,7,2020
102332,5,1,1,2,1,1,9,5,1,1,2,4,3,0,1,0,60651,32.0,2007.0,30,3,5,2,7,2020
102474,1,1,1,3,1,1,5,4,1,1,1,3,3,0,0,0,32303,22.0,2005.0,35,2,13,2,7,2020
102484,1,1,1,2,1,2,10,4,1,1,1,3,3,0,0,0,60628,74.0,2014.0,30,2,12,2,7,2020
102985,1,1,1,3,1,2,10,1,1,1,1,3,2,0,1,0,60617,26.0,2016.0,25,2,19,2,7,2020
102992,1,1,1,4,1,1,4,1,0,1,1,3,2,1,0,0,60459,41.0,2015.0,30,2,19,2,7,2020
102993,1,1,1,4,1,1,7,3,0,1,1,3,2,1,0,0,60459,41.0,2020.0,30,2,19,2,7,2020
103034,4,1,1,3,1,2,1,1,1,1,1,3,3,0,0,0,60628,24.0,2020.0,30,2,20,2,7,2020
103035,4,1,1,2,1,2,12,1,1,1,1,3,3,0,0,0,60628,24.0,2016.0,30,2,20,2,7,2020
103422,1,1,1,4,1,1,2,1,1,1,1,3,1,0,0,0,60804,34.0,2006.0,30,3,14,3,7,2020
104116,1,1,1,2,1,1,1,1,1,1,1,4,3,0,1,2,32303,36.9,2019.0,30,2,14,3,7,2020
104117,1,1,1,3,1,1,6,1,1,1,1,4,3,0,1,2,32303,36.9,2005.0,30,2,14,3,7,2020
104118,1,1,1,2,1,1,1,1,1,1,1,4,3,0,1,2,61701,56.0,2019.0,30,2,14,3,7,2020
104119,1,1,1,3,1,1,6,1,1,1,1,4,3,0,1,2,61701,56.0,2005.0,30,2,14,3,7,2020
104210,1,1,1,1,1,0,10,1,1,10,1,4,3,0,1,0,60173,51.0,2018.0,30,2,16,3,7,2020
104353,1,1,1,2,1,1,8,2,1,1,1,3,2,0,0,0,60646,21.0,2002.0,30,2,18,3,7,2020
104591,2,2,2,4,1,1,4,13,1,-1,1,4,2,0,1,3,32303,38.0,2010.0,30,2,22,3,7,2020
104593,2,2,2,4,1,1,4,13,1,-1,1,0,2,-1,0,3,60646,57.0,2010.0,30,2,22,3,7,2020
104599,2,2,2,2,1,1,1,14,1,1,1,4,3,0,0,1,60646,36.0,1996.0,30,2,22,3,7,2020