index,LIGHTING_CONDITION,ROADWAY_SURFACE_COND,WEATHER_CONDITION,TRAVEL_DIRECTION,INTERSECTION_RELATED,TRAFFIC_CONTROL_DEVICE,FIRST_CONTACT_POINT,MANEUVER,HIT_AND_RUN,VEHICLE_TYPE,UNIT_TYPE,FATAL_COND,DAMAGE_COST,BAC_RESULT,SEX,FATAL_DEGREE,ZIPCODE,AGE,VEHICLE_YEAR,POSTED_SPEED_LIMIT,NUM_UNITS,CRASH_HOUR,CRASH_DAY_OF_WEEK,CRASH_MONTH,CRASH_YEAR
104600,2,2,2,2,1,1,12,3,1,1,1,4,3,0,0,1,60646,36.0,2014.0,30,2,22,3,7,2020
104601,2,2,2,2,1,1,1,14,1,1,1,4,3,0,1,1,61920,26.0,1996.0,30,2,22,3,7,2020
104602,2,2,2,2,1,1,12,3,1,1,1,4,3,0,1,1,61920,26.0,2014.0,30,2,22,3,7,2020
104609,2,2,2,2,1,1,1,1,1,-1,1,4,3,0,0,2,60646,36.9,2011.0,30,2,22,3,7,2020
104610,2,2,2,1,1,1,7,1,1,4,1,4,3,0,0,2,60646,36.9,2020.0,30,2,22,3,7,2020
104611,2,2,2,2,1,1,1,1,1,-1,1,4,3,0,1,2,60655,53.0,2011.0,30,2,22,3,7,2020
104612,2,2,2,1,1,1,7,1,1,4,1,4,3,0,1,2,60655,53.0,2020.0,30,2,22,3,7,2020
104761,1,1,1,1,1,1,2,3,1,1,1,3,1,0,0,0,60643,46.0,2002.0,30,3,10,7,6,2020
104828,2,1,1,4,1,0,1,1,1,-1,1,4,1,0,0,2,60643,36.9,2011.0,35,2,0,5,7,2020
104830,2,1,1,4,1,0,1,1,1,-1,1,0,1,0,0,2,60643,24.0,2011.0,35,2,0,5,7,2020
104836,2,1,1,4,0,0,1,1,1,1,1,3,3,0,1,0,60617,32.0,2006.0,30,2,0,5,7,2020
104837,2,1,1,4,0,0,10,4,1,1,1,3,3,0,1,0,60617,32.0,2002.0,30,2,0,5,7,2020
104851,1,1,3,7,1,1,7,2,1,3,1,3,3,0,1,0,60487,31.0,2019.0,30,2,13,4,7,2020
104985,2,1,1,1,1,2,11,2,1,1,1,3,3,0,0,0,60638,20.0,2008.0,25,2,23,4,7,2020
105088,1,1,1,4,1,2,4,1,1,1,1,4,3,0,0,1,60638,36.0,2007.0,30,3,9,5,7,2020
105089,1,1,1,3,1,2,3,1,1,1,1,4,3,0,0,1,60638,36.0,2007.0,30,3,9,5,7,2020
105090,1,1,1,3,1,2,3,1,1,1,1,4,3,0,0,1,60644,30.0,2010.0,30,3,9,5,7,2020
105091,1,1,1,4,1,2,4,1,1,1,1,4,3,0,0,1,60644,30.0,2007.0,30,3,9,5,7,2020
105092,1,1,1,3,1,2,3,1,1,1,1,4,3,0,0,1,60644,30.0,2007.0,30,3,9,5,7,2020
105093,1,1,1,3,1,2,3,1,1,1,1,4,3,0,1,1,60619,22.0,2010.0,30,3,9,5,7,2020
105094,1,1,1,4,1,2,4,1,1,1,1,4,3,0,1,1,60619,22.0,2007.0,30,3,9,5,7,2020
105095,1,1,1,3,1,2,3,1,1,1,1,4,3,0,1,1,60619,22.0,2007.0,30,3,9,5,7,2020
105273,2,1,1,3,1,1,2,3,1,3,1,3,1,0,1,0,60618,59.0,2018.0,35,2,0,4,7,2020
105288,2,1,1,3,1,2,1,1,1,2,1,4,3,0,1,0,60609,72.0,2008.0,30,2,3,4,7,2020
105584,1,1,1,3,1,1,-1,9,1,2,1,4,3,0,0,3,60609,38.0,2015.0,30,2,13,4,7,2020
105586,1,1,1,3,1,1,-1,9,1,2,1,0,3,0,1,3,60609,52.0,2015.0,30,2,13,4,7,2020
105609,1,-1,1,3,1,0,1,1,1,1,1,4,3,0,0,2,60619,23.0,2013.0,30,2,14,4,7,2020
105610,1,-1,1,3,1,0,2,3,1,1,1,4,3,0,0,2,60619,23.0,2016.0,30,2,14,4,7,2020
105611,1,-1,1,3,1,0,1,1,1,1,1,4,3,0,0,2,60628,20.0,2013.0,30,2,14,4,7,2020
105612,1,-1,1,3,1,0,2,3,1,1,1,4,3,0,0,2,60628,20.0,2016.0,30,2,14,4,7,2020
105651,1,1,1,3,1,1,7,12,1,1,1,4,3,0,1,0,60613,60.0,2009.0,30,3,15,4,7,2020
105652,1,1,1,3,1,1,3,1,1,1,1,4,3,0,1,0,60613,60.0,2014.0,30,3,15,4,7,2020
105654,1,1,1,3,1,1,7,12,1,1,1,4,3,0,1,0,60714,58.0,2009.0,30,3,15,4,7,2020
105655,1,1,1,3,1,1,3,1,1,1,1,4,3,0,1,0,60714,58.0,2014.0,30,3,15,4,7,2020
105902,1,1,1,2,1,0,9,3,1,1,1,3,3,0,1,0,23229,21.0,2018.0,30,2,17,4,7,2020
105978,1,1,1,1,1,1,5,1,1,1,1,3,2,0,1,0,60617,20.0,2008.0,30,2,15,4,7,2020
106487,1,1,1,2,1,1,4,1,1,1,1,2,1,0,1,2,75228,28.0,2011.0,35,2,6,6,7,2020
106504,1,1,1,4,1,2,3,1,1,1,1,3,3,0,1,0,60164,47.0,2005.0,30,2,11,5,7,2020
106941,1,1,1,3,1,2,6,1,1,1,1,4,3,0,1,0,60647,34.0,2000.0,30,2,11,5,7,2020
106942,1,1,1,2,1,2,1,1,1,1,1,4,3,0,1,0,60647,34.0,2010.0,30,2,11,5,7,2020
107083,1,1,1,1,1,2,5,4,1,1,1,4,3,0,1,2,60651,32.0,2012.0,30,3,14,5,7,2020
107084,1,1,1,2,1,2,1,-1,1,-1,1,4,3,0,1,2,60651,32.0,2011.0,30,3,14,5,7,2020
107085,1,1,1,-1,1,2,1,-1,1,1,1,4,3,0,1,2,60651,32.0,2000.0,30,3,14,5,7,2020
107086,1,1,1,1,1,2,5,4,1,1,1,4,3,0,0,2,60651,36.9,2012.0,30,3,14,5,7,2020
107088,1,1,1,-1,1,2,1,-1,1,1,1,4,3,0,0,2,60651,36.9,2000.0,30,3,14,5,7,2020
107089,1,1,1,1,1,2,5,4,1,1,1,4,3,0,0,2,60651,36.9,2012.0,30,3,14,5,7,2020
107091,1,1,1,-1,1,2,1,-1,1,1,1,4,3,0,0,2,60651,36.9,2000.0,30,3,14,5,7,2020
107255,1,1,1,3,1,0,1,1,1,1,1,3,2,0,1,0,60615,59.0,2008.0,30,2,18,5,7,2020
107256,1,1,1,3,1,0,8,1,1,3,1,3,2,0,1,0,60615,59.0,2018.0,30,2,18,5,7,2020
107318,1,1,1,1,1,2,1,1,1,1,1,3,3,0,0,0,60652,30.0,2004.0,30,2,11,5,7,2020
107319,1,1,1,2,1,2,4,3,1,1,1,3,3,0,0,0,60652,30.0,2015.0,30,2,11,5,7,2020
107468,2,1,1,2,1,0,7,1,1,1,1,3,3,0,1,0,60637,39.0,2010.0,30,2,23,5,7,2020
107498,4,1,1,4,1,0,2,1,1,1,1,4,3,0,0,0,60621,20.0,2018.0,30,3,22,5,7,2020
107499,4,1,1,3,1,0,4,1,1,1,1,4,3,0,0,0,60621,20.0,2010.0,30,3,22,5,7,2020
107500,4,1,1,1,1,0,4,5,1,1,2,4,3,0,0,0,60621,20.0,2016.0,30,3,22,5,7,2020
107546,2,2,3,1,1,2,1,-1,1,2,1,4,3,0,0,1,0,36.0,2020.0,35,2,4,5,7,2020
107547,2,2,3,4,1,2,5,1,1,1,1,4,3,0,0,1,0,36.0,2018.0,35,2,4,5,7,2020
107548,2,2,3,1,1,2,1,-1,1,2,1,4,3,0,1,1,60639,55.0,2020.0,35,2,4,5,7,2020
107549,2,2,3,4,1,2,5,1,1,1,1,4,3,0,1,1,60639,55.0,2018.0,35,2,4,5,7,2020
107630,3,1,1,2,1,2,8,1,1,1,1,4,3,0,1,2,0,36.9,2011.0,30,2,1,1,7,2020
107631,3,1,1,1,1,2,4,1,1,1,1,4,3,0,1,2,0,36.9,2008.0,30,2,1,1,7,2020
107632,3,1,1,2,1,2,8,1,1,1,1,4,3,0,1,2,60615,36.0,2011.0,30,2,1,1,7,2020
107633,3,1,1,1,1,2,4,1,1,1,1,4,3,0,1,2,60615,36.0,2008.0,30,2,1,1,7,2020
107817,2,1,1,3,1,2,1,3,1,1,1,4,3,0,0,0,60644,31.0,2003.0,30,2,3,7,7,2020
107858,1,1,1,4,1,1,9,2,1,1,1,3,3,0,1,0,60104,19.0,2002.0,30,2,6,7,7,2020
107903,1,1,1,1,1,1,2,3,1,2,1,3,3,0,1,0,60617,46.0,2011.0,30,3,9,7,7,2020
107904,1,1,1,1,1,1,2,3,1,1,1,3,3,0,1,0,60617,46.0,2006.0,30,3,9,7,7,2020
108010,1,1,1,1,1,2,3,1,1,2,1,4,2,0,1,2,60617,36.9,2009.0,20,2,11,7,7,2020
108011,1,1,1,2,1,2,4,1,1,1,1,4,2,0,1,2,60617,36.9,2020.0,20,2,11,7,7,2020
108012,1,1,1,1,1,2,3,1,1,2,1,4,2,0,0,2,60617,42.0,2009.0,20,2,11,7,7,2020
108013,1,1,1,2,1,2,4,1,1,1,1,4,2,0,0,2,60617,42.0,2020.0,20,2,11,7,7,2020
108057,1,1,1,3,1,2,1,1,1,1,1,4,3,0,0,2,60617,36.9,2011.0,25,2,7,7,7,2020
108058,1,1,1,2,1,2,7,1,1,3,1,4,3,0,0,2,60617,36.9,2004.0,25,2,7,7,7,2020
108059,1,1,1,3,1,2,1,1,1,1,1,4,3,0,1,2,60608,77.0,2011.0,25,2,7,7,7,2020
108060,1,1,1,2,1,2,7,1,1,3,1,4,3,0,1,2,60608,77.0,2004.0,25,2,7,7,7,2020
108082,1,1,1,2,1,2,3,3,1,1,1,3,3,0,0,0,60619,68.0,2019.0,30,2,13,7,7,2020
108165,1,1,1,4,1,1,6,1,1,2,1,4,3,0,0,1,60619,36.0,2007.0,30,2,14,7,7,2020
108280,1,1,1,3,1,1,1,1,1,1,1,4,3,0,1,0,60619,69.0,2006.0,30,2,15,7,7,2020
108281,1,1,1,5,1,1,1,2,1,1,1,4,3,0,1,0,60619,69.0,2018.0,30,2,15,7,7,2020
108498,1,1,1,1,1,1,6,4,1,1,1,3,3,0,0,0,60619,66.0,2008.0,30,2,18,1,7,2020
108783,2,1,1,4,1,1,11,6,1,1,1,4,3,0,0,1,60619,36.0,2010.0,30,2,4,6,7,2020
108784,2,1,1,4,1,1,12,2,1,1,1,4,3,0,0,1,60619,36.0,2010.0,30,2,4,6,7,2020
108785,2,1,1,4,1,1,11,6,1,1,1,4,3,0,1,1,60619,32.0,2010.0,30,2,4,6,7,2020
108786,2,1,1,4,1,1,12,2,1,1,1,4,3,0,1,1,60619,32.0,2010.0,30,2,4,6,7,2020
108835,1,2,2,3,1,1,5,1,1,2,1,4,3,0,1,0,60643,53.0,2012.0,30,3,7,6,7,2020
109409,1,1,1,2,1,2,6,1,1,1,1,4,3,0,0,0,60641,26.0,2009.0,30,2,15,6,7,2020
109475,1,1,1,4,1,1,1,1,1,2,1,3,3,0,1,0,60629,22.0,2007.0,30,2,17,6,7,2020
109528,4,1,1,4,1,1,2,1,1,1,1,3,3,0,1,0,60609,35.0,2015.0,30,2,17,6,7,2020
109705,4,1,1,1,1,1,1,1,1,1,1,4,3,0,0,0,60106,21.0,2013.0,30,2,19,6,7,2020
109753,1,1,1,3,1,1,8,1,1,1,1,3,3,0,1,0,53081,27.0,2006.0,30,2,19,6,7,2020
109765,3,1,1,1,1,0,11,1,1,1,1,3,3,0,1,0,60628,31.0,2017.0,30,2,20,6,7,2020
109770,2,1,1,3,1,1,4,2,0,1,1,4,3,0,1,0,60624,23.0,2016.0,30,2,21,6,7,2020
109771,2,1,1,2,1,1,1,1,0,1,1,4,3,0,1,0,60624,23.0,1999.0,30,2,21,6,7,2020
109772,2,1,1,3,1,1,4,2,0,1,1,4,3,0,1,0,60402,17.0,2016.0,30,2,21,6,7,2020
109773,2,1,1,2,1,1,1,1,0,1,1,4,3,0,1,0,60402,17.0,1999.0,30,2,21,6,7,2020
109842,2,1,1,4,1,2,12,1,1,1,1,4,3,0,0,2,60624,36.9,2019.0,30,2,23,6,7,2020
109843,2,1,1,1,1,2,1,1,1,3,1,4,3,0,0,2,60615,41.0,2011.0,30,2,23,6,7,2020
109844,2,1,1,4,1,2,12,1,1,1,1,4,3,0,0,2,60615,41.0,2019.0,30,2,23,6,7,2020
110067,2,2,2,1,1,2,1,1,1,1,1,4,3,0,0,1,0,36.0,2010.0,30,3,0,6,7,2020
110068,2,2,2,8,1,2,5,2,1,4,1,4,3,0,0,1,0,36.0,2017.0,30,3,0,6,7,2020
110069,2,2,2,8,1,2,3,2,1,4,1,4,3,0,0,1,0,36.0,2006.0,30,3,0,6,7,2020
110070,2,2,2,1,1,2,1,1,1,1,1,4,3,0,1,1,60612,42.0,2010.0,30,3,0,6,7,2020
110071,2,2,2,8,1,2,5,2,1,4,1,4,3,0,1,1,60612,42.0,2017.0,30,3,0,6,7,2020
110072,2,2,2,8,1,2,3,2,1,4,1,4,3,0,1,1,60612,42.0,2006.0,30,3,0,6,7,2020
110073,2,2,2,1,1,2,1,1,1,1,1,4,3,0,1,1,60628,25.0,2010.0,30,3,0,6,7,2020
110074,2,2,2,8,1,2,5,2,1,4,1,4,3,0,1,1,60628,25.0,2017.0,30,3,0,6,7,2020
110075,2,2,2,8,1,2,3,2,1,4,1,4,3,0,1,1,60628,25.0,2006.0,30,3,0,6,7,2020
110164,1,1,1,2,0,1,1,-1,1,1,1,3,2,0,0,0,60615,64.0,2019.0,30,2,4,4,7,2020
110396,1,1,1,2,1,1,4,4,1,3,1,4,3,0,1,2,0,36.9,2011.0,30,2,19,7,7,2020
110398,1,1,1,2,1,1,4,4,1,3,1,2,3,0,1,2,60651,19.0,2011.0,30,2,19,7,7,2020
110422,2,1,1,1,1,1,1,1,1,1,1,4,3,0,1,2,0,36.9,2006.0,30,2,22,7,7,2020
110423,2,1,1,3,1,1,5,2,1,1,1,4,3,0,1,2,0,36.9,2003.0,30,2,22,7,7,2020
110424,2,1,1,1,1,1,1,1,1,1,1,4,3,0,1,2,60623,29.0,2006.0,30,2,22,7,7,2020
110425,2,1,1,3,1,1,5,2,1,1,1,4,3,0,1,2,60623,29.0,2003.0,30,2,22,7,7,2020
110501,2,1,1,2,1,2,1,1,1,1,1,3,3,0,0,0,60619,23.0,2000.0,30,2,1,1,7,2020
110502,2,1,1,1,1,2,5,1,1,1,1,3,3,0,0,0,60619,23.0,2020.0,30,2,1,1,7,2020
110523,2,1,1,3,1,4,1,1,1,1,1,4,3,0,1,1,0,36.0,2017.0,30,2,1,1,7,2020
110524,2,1,1,3,1,4,7,1,1,1,1,4,3,0,1,1,0,36.0,2013.0,30,2,1,1,7,2020
110525,2,1,1,3,1,4,1,1,1,1,1,4,3,0,0,1,60653,47.0,2017.0,30,2,1,1,7,2020
110526,2,1,1,3,1,4,7,1,1,1,1,4,3,0,0,1,60653,47.0,2013.0,30,2,1,1,7,2020
110589,2,1,1,4,1,1,10,1,1,1,1,4,3,0,1,1,0,36.0,2013.0,30,2,4,1,7,2020
110590,2,1,1,3,1,1,1,1,1,1,1,4,3,0,0,1,60618,24.0,2010.0,30,2,4,1,7,2020
110591,2,1,1,4,1,1,10,1,1,1,1,4,3,0,0,1,60618,24.0,2013.0,30,2,4,1,7,2020
110619,5,1,1,2,1,1,1,1,1,1,1,4,3,0,0,1,0,36.0,2019.0,30,2,5,1,7,2020
110620,5,1,1,3,1,1,6,1,1,1,1,4,3,0,0,1,60644,27.0,2010.0,30,2,5,1,7,2020
110621,5,1,1,2,1,1,1,1,1,1,1,4,3,0,0,1,60644,27.0,2019.0,30,2,5,1,7,2020
110763,1,1,1,3,1,1,6,2,1,1,1,3,1,0,1,0,60629,49.0,2008.0,30,2,15,7,7,2020
110789,1,1,1,1,1,1,1,9,1,1,1,3,3,0,1,0,60169,33.0,2005.0,30,2,13,1,7,2020
111279,1,1,1,2,1,1,3,4,1,1,1,4,1,0,1,2,0,36.9,2011.0,35,2,6,7,7,2020
111281,1,1,1,2,1,1,3,4,1,1,1,2,1,0,1,2,60609,30.0,2011.0,35,2,6,7,7,2020
111344,1,1,1,2,1,1,3,1,1,3,1,3,2,0,0,0,60609,37.0,2020.0,30,2,10,7,7,2020
111407,1,1,1,4,1,1,4,1,1,1,1,3,2,0,1,0,60618,36.0,2015.0,30,2,11,7,7,2020
111575,1,1,1,3,1,1,2,1,1,2,1,3,3,0,1,0,60643,68.0,2016.0,30,2,15,7,7,2020
111582,1,1,1,4,1,1,1,1,1,1,1,4,3,0,1,1,0,36.0,2019.0,30,2,15,7,7,2020
111583,1,1,1,2,1,1,1,4,1,1,1,4,3,0,1,1,0,36.0,2013.0,30,2,15,7,7,2020
111584,1,1,1,4,1,1,1,1,1,1,1,4,3,0,0,1,60621,25.0,2019.0,30,2,15,7,7,2020
111585,1,1,1,2,1,1,1,4,1,1,1,4,3,0,0,1,60621,25.0,2013.0,30,2,15,7,7,2020
111728,1,1,1,4,1,1,9,1,1,1,1,3,3,0,0,0,60643,75.0,2011.0,35,2,16,7,7,2020
111751,1,1,1,4,1,1,1,1,1,1,1,3,3,0,0,0,60473,43.0,2020.0,35,2,16,7,7,2020
111752,1,1,1,4,1,1,2,1,1,2,1,3,3,0,0,0,60473,43.0,2010.0,35,2,16,7,7,2020
112005,1,1,1,1,1,2,3,1,1,1,1,4,3,0,1,2,60643,36.9,2011.0,30,2,17,7,7,2020
112006,1,1,1,2,1,2,11,1,1,1,1,4,3,0,1,2,60643,36.9,2016.0,30,2,17,7,7,2020
112007,1,1,1,1,1,2,3,1,1,1,1,4,3,0,1,2,60643,36.9,2008.0,30,2,17,7,7,2020
112008,1,1,1,2,1,2,11,1,1,1,1,4,3,0,1,2,60643,36.9,2016.0,30,2,17,7,7,2020
112009,1,1,1,1,1,2,3,1,1,1,1,4,3,0,1,2,60643,25.0,2011.0,30,2,17,7,7,2020
112010,1,1,1,2,1,2,11,1,1,1,1,4,3,0,1,2,60643,25.0,2016.0,30,2,17,7,7,2020
112011,1,1,1,1,1,2,3,1,1,1,1,4,3,0,1,2,60643,25.0,2008.0,30,2,17,7,7,2020
112012,1,1,1,2,1,2,11,1,1,1,1,4,3,0,1,2,60643,25.0,2016.0,30,2,17,7,7,2020
112013,1,1,1,1,1,2,3,1,1,1,1,4,3,0,1,2,60643,24.0,2011.0,30,2,17,7,7,2020
112014,1,1,1,2,1,2,11,1,1,1,1,4,3,0,1,2,60643,24.0,2016.0,30,2,17,7,7,2020
112015,1,1,1,1,1,2,3,1,1,1,1,4,3,0,1,2,60643,24.0,2008.0,30,2,17,7,7,2020
112016,1,1,1,2,1,2,11,1,1,1,1,4,3,0,1,2,60643,24.0,2016.0,30,2,17,7,7,2020
112017,1,1,1,1,1,2,3,1,1,1,1,4,3,0,1,2,60643,25.0,2011.0,30,2,17,7,7,2020
112018,1,1,1,2,1,2,11,1,1,1,1,4,3,0,1,2,60643,25.0,2016.0,30,2,17,7,7,2020
112019,1,1,1,1,1,2,3,1,1,1,1,4,3,0,1,2,60643,25.0,2008.0,30,2,17,7,7,2020
112020,1,1,1,2,1,2,11,1,1,1,1,4,3,0,1,2,60643,25.0,2016.0,30,2,17,7,7,2020
112324,2,1,1,3,1,1,5,1,1,1,1,3,3,0,0,0,35640,24.0,2018.0,35,2,1,7,7,2020
112325,2,1,1,1,1,1,5,3,1,1,1,3,3,0,0,0,35640,24.0,2013.0,35,2,1,7,7,2020
112503,2,1,1,3,1,1,1,-1,1,-1,1,2,2,0,1,1,60622,36.0,2010.0,30,2,1,1,7,2020
112564,1,1,1,5,1,0,9,1,1,1,1,4,3,0,1,1,60622,36.0,2015.0,35,2,13,4,7,2020
112565,1,1,1,7,1,0,12,1,1,2,1,4,3,0,0,1,60624,51.0,2015.0,35,2,13,4,7,2020
112566,1,1,1,5,1,0,9,1,1,1,1,4,3,0,0,1,60624,51.0,2015.0,35,2,13,4,7,2020
112601,1,1,1,1,1,1,1,1,1,1,1,3,2,0,0,0,60419,24.0,2005.0,30,2,13,1,7,2020
112602,1,1,1,2,1,1,8,1,1,2,1,3,2,0,0,0,60419,24.0,2014.0,30,2,13,1,7,2020
112744,3,1,1,1,1,1,4,1,1,1,1,4,2,0,0,2,60645,36.9,2011.0,30,2,0,2,7,2020
112745,3,1,1,1,1,1,4,2,1,1,1,4,2,0,0,2,60645,36.9,2019.0,30,2,0,2,7,2020
112746,3,1,1,1,1,1,4,1,1,1,1,4,2,0,0,2,60645,32.0,2011.0,30,2,0,2,7,2020
112747,3,1,1,1,1,1,4,2,1,1,1,4,2,0,0,2,60645,32.0,2019.0,30,2,0,2,7,2020
112762,2,1,1,4,1,1,9,3,1,2,1,3,3,0,1,0,60153,49.0,2015.0,30,2,21,1,7,2020
112763,2,1,1,4,1,1,11,3,1,1,1,3,3,0,1,0,60153,49.0,2011.0,30,2,21,1,7,2020
112826,1,1,1,4,1,0,1,1,1,1,1,4,3,0,0,2,60616,40.0,2018.0,30,3,13,1,7,2020
112827,1,1,1,3,1,0,1,1,1,1,1,4,3,0,0,2,60616,40.0,2001.0,30,3,13,1,7,2020
112828,1,1,1,1,1,0,1,1,1,1,1,4,3,0,0,2,60616,40.0,2001.0,30,3,13,1,7,2020
112829,1,1,1,4,1,0,1,1,1,1,1,4,3,0,0,2,60616,36.9,2018.0,30,3,13,1,7,2020
112830,1,1,1,3,1,0,1,1,1,1,1,4,3,0,0,2,60616,36.9,2001.0,30,3,13,1,7,2020
112831,1,1,1,1,1,0,1,1,1,1,1,4,3,0,0,2,60616,36.9,2001.0,30,3,13,1,7,2020
112832,1,1,1,4,1,0,1,1,1,1,1,4,3,0,0,2,60623,25.0,2018.0,30,3,13,1,7,2020
112833,1,1,1,3,1,0,1,1,1,1,1,4,3,0,0,2,60623,25.0,2001.0,30,3,13,1,7,2020
112834,1,1,1,1,1,0,1,1,1,1,1,4,3,0,0,2,60623,25.0,2001.0,30,3,13,1,7,2020
112863,5,2,1,3,1,0,1,1,1,1,1,4,3,0,1,2,60623,36.9,2002.0,50,2,8,2,7,2020
112864,5,2,1,2,1,0,3,1,1,4,1,4,3,0,1,2,60623,36.9,2017.0,50,2,8,2,7,2020
112865,5,2,1,3,1,0,1,1,1,1,1,4,3,0,1,2,60076,36.0,2002.0,50,2,8,2,7,2020
112866,5,2,1,2,1,0,3,1,1,4,1,4,3,0,1,2,60076,36.0,2017.0,50,2,8,2,7,2020
112869,1,2,1,2,1,1,1,6,1,1,1,3,3,0,1,0,60649,40.0,2019.0,30,2,8,2,7,2020
112870,1,2,1,2,1,1,2,1,1,1,1,3,3,0,1,0,60649,40.0,2015.0,30,2,8,2,7,2020
112893,1,1,1,4,1,0,3,12,1,1,1,4,3,0,0,2,60649,36.9,2020.0,35,2,8,2,7,2020
112894,1,1,1,4,1,0,11,1,1,2,1,4,3,0,0,2,60649,36.9,2011.0,35,2,8,2,7,2020
112895,1,1,1,4,1,0,3,12,1,1,1,4,3,0,0,2,60652,45.0,2020.0,35,2,8,2,7,2020
112896,1,1,1,4,1,0,11,1,1,2,1,4,3,0,0,2,60652,45.0,2011.0,35,2,8,2,7,2020
112900,1,2,2,2,1,0,6,1,1,1,1,3,3,0,0,0,60619,40.0,2016.0,30,2,8,2,7,2020
112943,1,1,1,4,1,1,5,2,1,1,1,3,3,0,0,0,60163,29.0,2013.0,30,2,9,2,7,2020
112992,1,1,3,2,1,1,3,3,1,1,1,3,3,0,0,0,60623,27.0,2006.0,30,2,11,2,7,2020
113545,1,1,1,3,1,2,1,1,1,1,1,3,3,0,0,0,60623,27.0,2018.0,30,2,16,5,7,2020
113616,2,1,1,3,1,1,3,2,1,1,1,3,2,0,0,0,60624,26.0,2015.0,30,2,3,1,7,2020
113623,2,1,1,4,1,1,2,3,1,2,1,3,3,0,1,0,60069,31.0,2013.0,35,2,3,1,7,2020
113791,1,1,1,4,1,2,1,1,0,1,1,3,1,0,0,0,60615,60.0,2018.0,30,2,7,1,7,2020
113798,1,1,1,3,1,1,1,1,1,2,1,3,3,0,1,0,60620,44.0,2005.0,30,3,14,1,7,2020
113799,1,1,1,3,1,1,2,3,1,1,1,3,3,0,1,0,60620,44.0,2002.0,30,3,14,1,7,2020
113800,1,1,1,3,1,1,2,3,1,2,1,3,3,0,1,0,60620,44.0,2020.0,30,3,14,1,7,2020
113945,1,1,1,4,1,1,5,3,1,1,1,3,3,0,0,0,60620,49.0,2012.0,30,2,17,1,7,2020
113969,1,1,1,2,1,1,2,3,1,2,1,4,3,0,1,1,60164,36.0,2017.0,30,2,18,1,7,2020
113970,1,1,1,2,1,1,1,1,1,1,1,4,3,0,0,1,60805,56.0,2010.0,30,2,18,1,7,2020
113971,1,1,1,2,1,1,2,3,1,2,1,4,3,0,0,1,60805,56.0,2017.0,30,2,18,1,7,2020
114140,2,1,1,3,1,0,1,1,1,1,1,4,3,0,0,2,60164,36.9,2011.0,25,2,22,1,7,2020
114142,2,1,1,3,1,0,1,1,1,1,1,0,3,0,1,2,60626,25.0,2011.0,25,2,22,1,7,2020
114148,2,1,1,1,0,2,-1,4,0,-1,1,4,1,0,0,2,60164,36.9,2011.0,35,2,23,1,7,2020
114149,2,1,1,1,0,2,6,1,0,6,1,4,1,0,0,2,60164,36.9,1985.0,35,2,23,1,7,2020
114150,2,1,1,1,0,2,-1,4,0,-1,1,4,1,0,1,2,32303,29.0,2011.0,35,2,23,1,7,2020
114151,2,1,1,1,0,2,6,1,0,6,1,4,1,0,1,2,32303,29.0,1985.0,35,2,23,1,7,2020
114266,1,1,1,2,1,2,6,1,1,1,1,4,3,0,1,1,60164,36.0,2006.0,30,2,15,1,7,2020
114268,1,1,1,2,1,2,6,1,1,1,1,4,3,0,0,1,60624,36.0,2006.0,30,2,15,1,7,2020
114269,1,1,1,1,1,2,1,1,1,4,1,4,3,0,0,1,60624,36.0,2010.0,30,2,15,1,7,2020
114302,2,1,1,2,1,1,1,1,1,1,1,4,2,0,1,3,60164,38.0,2010.0,30,2,21,1,7,2020
114303,2,1,1,2,1,1,2,1,1,1,1,4,2,0,1,3,60164,38.0,2015.0,30,2,21,1,7,2020
114304,2,1,1,2,1,1,1,1,1,1,1,4,2,0,0,3,60643,34.0,2010.0,30,2,21,1,7,2020
114305,2,1,1,2,1,1,2,1,1,1,1,4,2,0,0,3,60643,34.0,2015.0,30,2,21,1,7,2020
114451,2,1,1,3,1,1,9,3,1,2,1,3,3,0,1,0,60616,30.0,2020.0,30,2,20,7,7,2020
114452,2,1,1,3,1,1,11,3,1,1,1,3,3,0,1,0,60616,30.0,2019.0,30,2,20,7,7,2020
114513,2,1,1,-1,1,1,1,1,1,1,1,4,3,0,0,3,60164,38.0,2001.0,30,2,2,1,7,2020