index,LIGHTING_CONDITION,ROADWAY_SURFACE_COND,WEATHER_CONDITION,TRAVEL_DIRECTION,INTERSECTION_RELATED,TRAFFIC_CONTROL_DEVICE,FIRST_CONTACT_POINT,MANEUVER,HIT_AND_RUN,VEHICLE_TYPE,UNIT_TYPE,FATAL_COND,DAMAGE_COST,BAC_RESULT,SEX,FATAL_DEGREE,ZIPCODE,AGE,VEHICLE_YEAR,POSTED_SPEED_LIMIT,NUM_UNITS,CRASH_HOUR,CRASH_DAY_OF_WEEK,CRASH_MONTH,CRASH_YEAR
114514,2,1,1,-1,1,1,9,1,1,1,1,4,3,0,0,3,60164,38.0,2015.0,30,2,2,1,7,2020
114515,2,1,1,-1,1,1,1,1,1,1,1,4,3,0,1,3,60636,24.0,2001.0,30,2,2,1,7,2020
114516,2,1,1,-1,1,1,9,1,1,1,1,4,3,0,1,3,60636,24.0,2015.0,30,2,2,1,7,2020
114587,2,1,1,3,1,1,7,1,1,2,1,4,3,0,0,0,60647,37.0,2017.0,30,2,21,1,7,2020
114818,2,1,1,1,1,1,-1,1,1,2,1,2,1,0,1,2,60647,56.0,2011.0,35,2,0,3,7,2020
114827,1,1,1,6,1,2,3,2,1,1,1,4,2,0,1,0,60626,31.0,2013.0,30,2,19,2,7,2020
114927,5,1,1,1,1,1,1,1,1,1,1,2,3,0,1,2,60620,19.0,2011.0,30,2,20,2,7,2020
114968,2,1,1,1,1,1,4,1,1,3,1,4,3,0,1,0,60608,44.0,2019.0,30,2,2,3,7,2020
115289,1,1,1,2,1,2,3,1,1,1,1,4,3,0,0,0,55060,27.0,2011.0,30,2,13,2,7,2020
115644,1,1,1,4,1,1,4,4,1,1,1,3,2,0,0,0,60651,20.0,1997.0,30,2,18,3,7,2020
115645,1,1,1,4,1,1,3,4,1,1,1,3,2,0,0,0,60651,20.0,2005.0,30,2,18,3,7,2020
115693,1,1,1,3,1,1,4,2,1,1,1,3,3,0,1,0,60620,50.0,2008.0,30,2,17,3,7,2020
115825,2,1,1,1,1,2,-1,-1,1,-1,1,2,3,0,1,3,60623,72.0,2010.0,25,2,2,2,7,2020
115837,1,1,1,1,0,0,5,1,1,1,1,3,3,0,0,0,60564,64.0,2018.0,30,2,7,2,7,2020
115856,1,1,1,2,1,1,6,1,1,1,1,4,3,0,1,0,60616,87.0,2007.0,30,2,8,2,7,2020
115857,1,1,1,1,1,1,1,1,1,1,1,4,3,0,1,0,60616,87.0,2005.0,30,2,8,2,7,2020
115868,1,1,1,5,1,1,1,2,1,1,1,3,3,0,0,0,60645,57.0,2016.0,30,3,8,2,7,2020
115869,1,1,1,1,1,1,1,3,1,1,1,3,3,0,0,0,60645,57.0,2010.0,30,3,8,2,7,2020
115954,1,1,1,4,1,1,5,1,1,-1,1,4,3,0,0,2,60623,51.0,2002.0,30,2,11,2,7,2020
115955,1,1,1,4,1,1,3,4,1,1,1,4,3,0,0,2,60623,51.0,2008.0,30,2,11,2,7,2020
115956,1,1,1,4,1,1,5,1,1,-1,1,4,3,0,0,2,60623,29.0,2002.0,30,2,11,2,7,2020
115957,1,1,1,4,1,1,3,4,1,1,1,4,3,0,0,2,60623,29.0,2008.0,30,2,11,2,7,2020
116326,1,1,1,3,1,1,3,2,1,1,1,3,3,0,0,0,60620,33.0,2013.0,35,2,16,2,7,2020
116327,1,1,1,3,1,1,10,1,1,1,1,3,3,0,0,0,60620,33.0,2014.0,35,2,16,2,7,2020
116568,2,1,1,2,1,1,5,1,1,1,1,3,3,0,1,0,60438,59.0,2016.0,35,2,22,2,7,2020
116674,2,1,1,2,1,1,1,1,1,-1,1,2,3,0,0,2,60608,19.0,2011.0,30,2,23,2,7,2020
116707,1,1,1,3,1,1,12,3,1,8,1,3,3,0,1,0,60181,54.0,2007.0,30,2,7,6,7,2020
116710,1,1,1,2,1,1,3,1,1,3,1,4,3,0,0,0,60655,57.0,2012.0,35,2,14,6,7,2020
116969,1,1,1,4,1,2,5,1,1,1,1,3,2,0,1,0,60476,33.0,2013.0,30,3,13,3,7,2020
116972,1,1,1,4,1,2,5,1,1,1,1,3,2,0,1,0,60103,24.0,2013.0,30,3,13,3,7,2020
117267,2,1,1,2,1,2,1,1,1,2,1,3,3,0,0,0,53142,56.0,2010.0,30,2,20,3,7,2020
117482,1,1,1,4,1,2,1,2,1,1,1,3,3,0,1,0,60478,34.0,2005.0,30,2,9,3,7,2020
117588,1,1,1,1,1,1,1,1,0,1,1,4,3,0,1,3,60426,27.0,2013.0,30,3,15,3,7,2020
117589,1,1,1,4,1,1,3,1,0,1,1,4,3,0,1,3,60426,27.0,2013.0,30,3,15,3,7,2020
117590,1,1,1,4,1,1,3,1,0,1,1,4,3,0,1,3,60426,27.0,2013.0,30,3,15,3,7,2020
117591,1,1,1,1,1,1,1,1,0,1,1,4,3,0,1,3,60104,58.0,2013.0,30,3,15,3,7,2020
117592,1,1,1,4,1,1,3,1,0,1,1,4,3,0,1,3,60104,58.0,2013.0,30,3,15,3,7,2020
117593,1,1,1,4,1,1,3,1,0,1,1,4,3,0,1,3,60104,58.0,2013.0,30,3,15,3,7,2020
117594,1,1,1,1,1,1,1,1,0,1,1,4,3,0,0,3,60042,28.0,2013.0,30,3,15,3,7,2020
117595,1,1,1,4,1,1,3,1,0,1,1,4,3,0,0,3,60042,28.0,2013.0,30,3,15,3,7,2020
117596,1,1,1,4,1,1,3,1,0,1,1,4,3,0,0,3,60042,28.0,2013.0,30,3,15,3,7,2020
118016,2,1,1,1,1,1,2,1,1,1,1,3,1,0,0,0,60637,58.0,2017.0,30,2,3,3,7,2020
118036,1,1,1,4,1,1,1,3,0,1,1,4,3,0,1,0,60656,45.0,2013.0,30,2,8,3,7,2020
118038,1,1,1,4,1,1,1,3,0,1,1,4,3,0,0,0,60050,23.0,2013.0,30,2,8,3,7,2020
118123,1,1,1,4,1,1,4,3,1,2,1,3,1,0,0,0,60624,41.0,2013.0,25,2,13,3,7,2020
118135,1,1,1,2,1,1,1,1,1,1,1,4,3,0,1,0,60629,50.0,2003.0,35,2,13,3,7,2020
118136,1,1,1,1,1,1,3,1,1,1,1,4,3,0,1,0,60629,50.0,2015.0,35,2,13,3,7,2020
118378,1,1,1,3,1,1,1,8,1,-1,1,4,2,0,0,1,60629,36.0,2007.0,30,2,18,3,7,2020
118379,1,1,1,3,1,1,2,3,1,1,1,4,2,0,0,1,60629,36.0,2015.0,30,2,18,3,7,2020
118380,1,1,1,3,1,1,1,8,1,-1,1,4,2,0,0,1,60620,23.0,2007.0,30,2,18,3,7,2020
118381,1,1,1,3,1,1,2,3,1,1,1,4,2,0,0,1,60620,23.0,2015.0,30,2,18,3,7,2020
118462,1,1,1,1,1,1,1,11,0,1,1,4,3,0,1,2,60153,27.0,2018.0,35,3,19,3,7,2020
118463,1,1,1,3,1,1,3,2,0,1,1,4,3,0,1,2,60153,27.0,2018.0,35,3,19,3,7,2020
118464,1,1,1,1,1,1,3,5,0,1,2,4,3,0,1,2,60153,27.0,2007.0,35,3,19,3,7,2020
118465,1,1,1,1,1,1,1,11,0,1,1,4,3,0,1,2,60624,28.0,2018.0,35,3,19,3,7,2020
118466,1,1,1,3,1,1,3,2,0,1,1,4,3,0,1,2,60624,28.0,2018.0,35,3,19,3,7,2020
118467,1,1,1,1,1,1,3,5,0,1,2,4,3,0,1,2,60624,28.0,2007.0,35,3,19,3,7,2020
118496,1,1,1,3,1,2,3,1,1,1,1,3,3,0,0,0,60616,44.0,2004.0,30,2,19,3,7,2020
118497,1,1,1,4,1,2,1,1,1,1,1,3,3,0,0,0,60616,44.0,2020.0,30,2,19,3,7,2020
118498,1,1,1,2,1,2,1,1,1,1,1,3,3,0,1,0,60620,20.0,2013.0,35,2,19,3,7,2020
118499,1,1,1,2,1,2,2,1,1,1,1,3,3,0,1,0,60620,20.0,2013.0,35,2,19,3,7,2020
118500,1,1,1,2,1,2,1,1,1,1,1,3,3,0,1,0,60655,53.0,2013.0,35,2,19,3,7,2020
118501,1,1,1,2,1,2,2,1,1,1,1,3,3,0,1,0,60655,53.0,2013.0,35,2,19,3,7,2020
118509,4,1,1,3,1,2,7,2,1,1,1,3,3,0,1,0,60625,32.0,2005.0,30,2,20,3,7,2020
118543,2,1,1,3,1,2,6,1,1,3,1,4,2,0,0,3,0,38.0,2010.0,30,2,21,3,7,2020
118545,2,1,1,3,1,2,6,1,1,3,1,2,2,0,1,3,60628,22.0,2010.0,30,2,21,3,7,2020
118557,2,1,1,3,1,2,6,1,1,2,1,3,3,0,0,0,60202,34.0,2002.0,30,2,22,3,7,2020
118614,2,1,1,3,1,1,2,1,1,1,1,4,3,0,0,0,60617,33.0,2016.0,40,2,4,3,7,2020
118690,1,1,1,2,1,1,4,2,1,1,1,4,1,0,1,2,0,36.9,2011.0,30,2,13,3,7,2020
118692,1,1,1,2,1,1,4,2,1,1,1,0,1,0,0,2,60617,26.0,2011.0,30,2,13,3,7,2020
118796,1,1,1,4,1,1,1,3,1,1,1,3,3,0,1,0,60610,68.0,2018.0,30,2,15,3,7,2020
118808,1,1,1,2,1,2,11,1,1,1,1,4,3,0,1,0,60415,29.0,2013.0,30,2,18,3,7,2020
119069,2,1,1,4,1,2,12,1,1,1,1,4,3,0,1,0,60617,57.0,2000.0,20,4,22,4,7,2020
119100,2,1,1,3,1,1,3,2,1,1,1,4,3,0,0,3,60617,38.0,2010.0,30,2,21,4,7,2020
119102,2,1,1,3,1,1,3,2,1,1,1,0,3,0,1,3,60617,49.0,2010.0,30,2,21,4,7,2020
119279,1,1,1,4,1,1,1,1,1,1,1,4,3,0,1,2,60644,36.9,1991.0,30,2,12,2,7,2020
119280,1,1,1,1,1,1,10,1,1,1,1,4,3,0,1,2,60644,36.9,2020.0,30,2,12,2,7,2020
119281,1,1,1,4,1,1,1,1,1,1,1,4,3,0,0,2,32712,42.0,1991.0,30,2,12,2,7,2020
119282,1,1,1,1,1,1,10,1,1,1,1,4,3,0,0,2,32712,42.0,2020.0,30,2,12,2,7,2020
119756,1,1,1,4,1,1,3,2,1,1,1,4,3,0,0,0,60615,20.0,2002.0,30,2,18,5,7,2020
119761,1,1,1,4,1,1,1,1,1,3,1,4,3,0,0,2,55411,23.0,2006.0,30,3,18,5,7,2020
119762,1,1,1,3,1,1,3,4,1,1,1,4,3,0,0,2,55411,23.0,2008.0,30,3,18,5,7,2020
119763,1,1,1,2,1,1,3,5,1,1,2,4,3,0,0,2,55411,23.0,1999.0,30,3,18,5,7,2020
119764,1,1,1,4,1,1,1,1,1,3,1,4,3,0,0,2,60636,69.0,2006.0,30,3,18,5,7,2020
119765,1,1,1,3,1,1,3,4,1,1,1,4,3,0,0,2,60636,69.0,2008.0,30,3,18,5,7,2020
119766,1,1,1,2,1,1,3,5,1,1,2,4,3,0,0,2,60636,69.0,1999.0,30,3,18,5,7,2020
119807,1,1,1,-1,0,0,-1,4,1,1,1,4,3,0,0,1,60636,36.0,2005.0,35,2,18,5,7,2020
119808,1,1,1,2,0,0,1,1,1,1,1,4,3,0,0,1,60636,36.0,2010.0,35,2,18,5,7,2020
119809,1,1,1,-1,0,0,-1,4,1,1,1,4,3,0,0,1,60637,18.0,2005.0,35,2,18,5,7,2020
119810,1,1,1,2,0,0,1,1,1,1,1,4,3,0,0,1,60637,18.0,2010.0,35,2,18,5,7,2020
119843,4,1,3,2,1,1,4,1,1,2,1,3,2,0,0,0,60628,48.0,2015.0,30,2,19,5,7,2020
119941,1,1,1,2,1,2,-1,1,0,1,1,4,3,0,1,1,60629,27.0,2010.0,30,3,8,4,7,2020
119942,1,1,1,-1,1,2,-1,-1,0,-1,1,4,3,0,1,1,60629,27.0,2010.0,30,3,8,4,7,2020
119943,1,1,1,3,1,2,-1,1,0,1,1,4,3,0,1,1,60629,27.0,2004.0,30,3,8,4,7,2020
119946,1,1,1,3,1,2,-1,1,0,1,1,4,3,0,1,1,60629,36.0,2004.0,30,3,8,4,7,2020
119947,1,1,1,2,1,2,-1,1,0,1,1,4,3,0,0,1,60652,62.0,2010.0,30,3,8,4,7,2020
119948,1,1,1,-1,1,2,-1,-1,0,-1,1,4,3,0,0,1,60652,62.0,2010.0,30,3,8,4,7,2020
119949,1,1,1,3,1,2,-1,1,0,1,1,4,3,0,0,1,60652,62.0,2004.0,30,3,8,4,7,2020
120178,1,1,1,2,1,2,11,1,1,1,1,3,2,0,1,0,60619,21.0,2014.0,30,2,15,4,7,2020
120190,1,2,2,2,1,1,8,7,1,1,1,3,3,0,0,0,60644,64.0,2020.0,30,2,15,4,7,2020
120420,1,2,2,4,1,1,1,1,1,1,1,3,2,0,1,0,60644,34.0,2008.0,20,2,16,4,7,2020
120421,1,2,2,3,1,1,3,1,1,1,1,3,3,0,0,0,60443,23.0,2018.0,30,2,16,4,7,2020
120490,1,1,3,1,1,1,2,3,1,2,1,3,2,0,0,0,60419,44.0,2016.0,30,2,13,4,7,2020
120510,1,2,2,1,1,1,2,2,1,1,1,3,2,0,1,0,60659,45.0,2008.0,30,2,17,4,7,2020
120665,1,2,2,3,1,0,1,1,1,2,1,3,2,0,1,0,60629,28.0,2003.0,30,2,17,4,7,2020
120753,2,2,2,4,1,1,6,2,1,1,1,3,3,0,1,0,60609,31.0,2011.0,30,2,23,4,7,2020
120867,2,1,1,2,1,1,3,1,1,1,1,4,3,0,0,0,60612,47.0,2003.0,30,2,1,7,7,2020
120868,2,1,1,1,1,1,3,2,1,1,1,4,3,0,0,0,60612,47.0,2003.0,30,2,1,7,7,2020
121064,3,1,1,2,1,1,9,13,1,1,1,3,3,0,0,0,60555,16.0,2005.0,35,2,21,4,7,2020
121065,3,1,1,2,1,1,11,1,1,1,1,3,3,0,0,0,60555,16.0,2012.0,35,2,21,4,7,2020
121240,1,1,1,1,1,1,1,1,1,1,1,4,3,0,1,3,45252,38.0,2020.0,35,3,17,5,7,2020
121241,1,1,1,1,1,1,7,1,1,1,1,4,3,0,1,3,45252,38.0,2011.0,35,3,17,5,7,2020
121242,1,1,1,4,1,1,8,2,1,1,1,4,3,0,1,3,45252,38.0,2002.0,35,3,17,5,7,2020
121243,1,1,1,1,1,1,1,1,1,1,1,4,3,0,1,3,60628,18.0,2020.0,35,3,17,5,7,2020
121244,1,1,1,1,1,1,7,1,1,1,1,4,3,0,1,3,60628,18.0,2011.0,35,3,17,5,7,2020
121245,1,1,1,4,1,1,8,2,1,1,1,4,3,0,1,3,60628,18.0,2002.0,35,3,17,5,7,2020
121246,1,1,1,1,1,1,1,1,1,1,1,4,3,0,0,3,46324,62.0,2020.0,35,3,17,5,7,2020
121247,1,1,1,1,1,1,7,1,1,1,1,4,3,0,0,3,46324,62.0,2011.0,35,3,17,5,7,2020
121248,1,1,1,4,1,1,8,2,1,1,1,4,3,0,0,3,46324,62.0,2002.0,35,3,17,5,7,2020
121410,1,1,1,2,1,1,11,1,1,7,1,4,3,0,1,0,60623,47.0,2020.0,30,2,13,5,7,2020
121532,1,1,1,2,1,2,1,1,1,2,1,3,1,0,0,0,60651,33.0,2002.0,30,2,8,6,7,2020
121533,1,1,1,2,1,2,2,3,1,1,1,3,1,0,0,0,60651,33.0,2016.0,30,2,8,6,7,2020
121795,1,1,1,1,1,0,4,1,1,1,1,3,3,0,1,0,60624,38.0,2003.0,30,2,13,6,7,2020
121833,1,1,1,2,1,2,1,1,1,1,1,4,3,0,1,0,60624,19.0,2011.0,30,2,12,6,7,2020
122290,1,1,1,3,1,1,1,3,1,1,1,3,3,0,1,0,60618,47.0,2016.0,30,2,17,6,7,2020
122291,1,1,1,3,1,1,2,3,1,1,1,3,3,0,1,0,60618,47.0,2007.0,30,2,17,6,7,2020
122518,1,1,1,3,1,2,2,1,1,1,1,3,2,0,0,0,60639,51.0,2020.0,30,2,13,5,7,2020
122623,1,1,1,7,1,1,11,2,1,1,1,3,3,0,1,0,60623,63.0,2012.0,30,2,11,5,7,2020
122654,1,1,1,-1,1,2,-1,-1,1,-1,1,2,2,0,1,2,60623,54.0,2011.0,20,2,13,5,7,2020
122732,1,1,1,3,1,1,1,1,1,1,1,4,3,0,0,0,60644,31.0,2014.0,30,3,16,5,7,2020
122738,1,1,1,3,1,1,1,1,1,1,1,4,3,0,1,0,10012,22.0,2014.0,30,3,16,5,7,2020
122851,1,1,1,2,1,2,4,1,1,2,1,3,3,0,0,0,60629,39.0,2018.0,30,2,16,5,7,2020
122925,1,1,1,4,1,2,3,1,1,1,1,4,3,0,0,0,60629,30.0,2008.0,30,2,15,5,7,2020
123038,1,1,1,1,1,2,10,1,1,1,1,3,2,0,0,0,60623,22.0,2001.0,30,2,19,5,7,2020
123125,2,1,1,4,1,1,3,1,1,1,1,3,3,0,0,0,60641,33.0,2013.0,30,2,22,5,7,2020
123138,2,1,1,4,1,0,11,1,1,1,1,3,2,0,0,0,60419,59.0,2008.0,30,2,22,5,7,2020
123157,2,1,1,2,1,2,8,2,1,2,1,4,3,0,0,0,60626,27.0,2018.0,30,3,22,5,7,2020
123158,2,1,1,1,1,2,8,5,1,2,2,4,3,0,0,0,60626,27.0,2004.0,30,3,22,5,7,2020
123225,2,1,1,3,1,1,2,10,1,2,1,4,3,0,1,0,60639,37.0,2003.0,35,4,23,5,7,2020
123226,2,1,1,2,1,1,1,4,1,1,1,4,3,0,1,0,60639,37.0,2017.0,35,4,23,5,7,2020
123227,2,1,1,4,1,1,3,5,1,3,2,4,3,0,1,0,60639,37.0,2005.0,35,4,23,5,7,2020
123228,2,1,1,4,1,1,1,5,1,2,2,4,3,0,1,0,60639,37.0,2007.0,35,4,23,5,7,2020
123260,3,1,1,2,1,2,2,2,1,1,1,4,3,0,0,0,60649,43.0,2012.0,35,2,23,5,7,2020
123557,1,1,1,3,1,2,1,1,1,1,1,4,3,0,0,0,60302,34.0,2012.0,30,2,14,5,7,2020
123621,2,1,1,4,1,1,-1,1,1,-1,1,4,3,0,0,2,60419,36.9,2011.0,30,2,21,5,7,2020
123622,2,1,1,3,1,1,-1,1,1,1,1,4,3,0,0,2,60419,36.9,2019.0,30,2,21,5,7,2020
123623,2,1,1,4,1,1,-1,1,1,-1,1,4,3,0,1,2,60632,61.0,2011.0,30,2,21,5,7,2020
123624,2,1,1,3,1,1,-1,1,1,1,1,4,3,0,1,2,60632,61.0,2019.0,30,2,21,5,7,2020
123726,1,1,1,3,1,1,4,6,1,1,1,3,3,0,0,0,30078,43.0,2009.0,30,2,13,6,7,2020
123727,1,1,1,3,1,1,7,1,1,4,1,3,3,0,0,0,30078,43.0,2020.0,30,2,13,6,7,2020
123842,1,1,1,1,1,1,7,3,1,2,1,3,2,0,0,0,60659,36.0,1997.0,25,2,15,6,7,2020
123976,2,1,1,3,1,1,1,1,1,1,1,3,3,0,0,0,60641,56.0,2008.0,30,2,21,6,7,2020
124133,2,1,1,4,1,1,1,1,1,1,1,4,3,0,0,2,60419,36.9,2011.0,30,2,1,7,8,2020
124157,1,1,1,3,1,2,11,1,1,1,1,4,3,0,0,0,60623,33.0,2011.0,30,2,7,7,8,2020
124272,1,1,1,4,1,1,3,1,1,1,1,4,1,0,0,2,0,36.9,2011.0,30,2,10,7,8,2020
124274,1,1,1,4,1,1,3,1,1,1,1,0,1,0,1,2,60640,46.0,2011.0,30,2,10,7,8,2020
124304,1,1,3,4,1,2,3,2,1,1,1,4,3,0,0,1,0,36.0,2005.0,20,2,11,7,8,2020
124306,1,1,3,4,1,2,3,2,1,1,1,0,3,0,0,1,60652,26.0,2005.0,20,2,11,7,8,2020
124537,1,1,1,4,1,1,-1,1,1,3,1,4,2,0,0,1,0,36.0,2016.0,30,2,15,7,8,2020
124538,1,1,1,1,1,1,10,1,1,1,1,4,2,0,0,1,0,36.0,2019.0,30,2,15,7,8,2020
124539,1,1,1,4,1,1,-1,1,1,3,1,4,2,0,0,1,60621,64.0,2016.0,30,2,15,7,8,2020
124540,1,1,1,1,1,1,10,1,1,1,1,4,2,0,0,1,60621,64.0,2019.0,30,2,15,7,8,2020
124888,2,2,2,2,1,1,6,1,1,1,1,4,3,0,1,0,60608,25.0,2008.0,30,2,23,7,8,2020
124899,2,1,1,1,1,1,1,1,1,-1,1,4,3,0,0,2,0,36.9,2011.0,30,2,4,6,7,2020
124901,2,1,1,1,1,1,1,1,1,-1,1,0,3,0,1,2,0,46.0,2011.0,30,2,4,6,7,2020
125079,1,1,1,4,1,0,6,1,1,2,1,3,3,0,0,0,60625,37.0,2008.0,30,2,12,6,7,2020
125183,1,1,1,1,1,1,1,1,1,2,1,3,2,0,0,0,60625,17.0,2014.0,30,2,13,6,7,2020
125184,1,1,1,4,1,1,6,2,1,1,1,3,2,0,0,0,60625,17.0,2009.0,30,2,13,6,7,2020
125342,1,1,1,4,1,1,10,2,1,1,1,4,3,0,1,0,60406,35.0,2020.0,30,2,16,6,7,2020
125346,1,1,1,1,1,1,1,1,1,6,1,4,3,0,1,0,60644,38.0,2002.0,30,2,16,6,7,2020
125745,2,1,1,3,1,0,-1,2,1,1,1,0,2,0,0,2,60620,25.0,2011.0,30,2,23,6,7,2020
125843,2,1,1,1,1,0,6,1,1,1,1,3,3,0,0,0,60619,26.0,2017.0,20,2,21,6,7,2020
125855,1,1,1,4,1,1,9,2,1,1,1,3,3,0,0,0,60636,26.0,2005.0,25,2,17,6,7,2020
125889,1,1,1,2,1,1,8,3,1,1,1,3,1,0,0,0,60609,36.0,2003.0,30,2,18,6,7,2020
126096,3,1,1,1,1,2,5,1,1,1,1,4,3,0,0,2,0,36.9,2012.0,30,4,0,7,8,2020
126097,3,1,1,1,1,2,2,5,1,1,2,4,3,0,0,2,0,36.9,2013.0,30,4,0,7,8,2020
126098,3,1,1,1,1,2,2,5,1,1,2,4,3,0,0,2,0,36.9,2003.0,30,4,0,7,8,2020
126099,3,1,1,2,1,2,1,1,1,1,1,4,3,0,1,2,60624,41.0,2011.0,30,4,0,7,8,2020
126100,3,1,1,1,1,2,5,1,1,1,1,4,3,0,1,2,60624,41.0,2012.0,30,4,0,7,8,2020
126101,3,1,1,1,1,2,2,5,1,1,2,4,3,0,1,2,60624,41.0,2013.0,30,4,0,7,8,2020
126102,3,1,1,1,1,2,2,5,1,1,2,4,3,0,1,2,60624,41.0,2003.0,30,4,0,7,8,2020
126179,1,1,1,1,1,1,-1,1,1,1,1,4,3,0,0,0,60620,37.0,2020.0,30,2,12,7,8,2020
126180,1,1,1,2,1,1,1,1,1,2,1,4,3,0,0,0,60620,37.0,2019.0,30,2,12,7,8,2020
126283,1,1,1,4,1,1,4,1,1,1,1,3,2,0,1,0,60659,29.0,2011.0,30,2,18,7,8,2020
126396,2,2,2,1,1,1,7,3,1,3,1,4,3,0,1,0,60441,39.0,2007.0,45,2,22,7,8,2020
126429,2,2,2,1,1,1,1,3,1,1,1,3,2,0,1,0,60617,41.0,2012.0,30,4,23,7,8,2020
126590,2,2,2,4,1,2,1,1,0,1,1,4,3,0,1,0,60631,56.0,2013.0,30,2,23,7,8,2020
126591,2,2,2,1,1,2,6,1,0,4,1,4,3,0,1,0,60631,56.0,2018.0,30,2,23,7,8,2020
126610,2,2,2,3,1,0,1,1,1,1,1,4,2,0,1,3,60631,38.0,2002.0,25,1,0,1,8,2020
126630,2,2,2,4,1,1,10,3,1,2,1,3,1,0,0,0,60628,28.0,2009.0,30,2,21,7,8,2020
126708,1,1,3,2,1,0,1,1,1,2,1,4,3,0,0,1,60613,36.0,2007.0,30,2,7,1,8,2020
126709,1,1,3,4,1,0,1,1,1,1,1,4,3,0,0,1,60613,36.0,1996.0,30,2,7,1,8,2020
126710,1,1,3,2,1,0,1,1,1,2,1,4,3,0,1,1,60613,42.0,2007.0,30,2,7,1,8,2020
126711,1,1,3,4,1,0,1,1,1,1,1,4,3,0,1,1,60613,42.0,1996.0,30,2,7,1,8,2020
126767,1,1,1,1,1,2,3,2,1,3,1,4,3,0,1,2,60613,36.9,2005.0,25,2,9,1,8,2020
126769,1,1,1,1,1,2,3,2,1,3,1,0,3,2,1,2,60657,46.0,2005.0,25,2,9,1,8,2020
126777,2,1,1,2,1,1,1,1,1,4,1,4,2,0,1,2,60657,36.9,2011.0,35,2,0,1,8,2020
126778,2,1,1,3,1,1,4,1,1,4,1,4,2,0,1,2,60657,36.9,2003.0,35,2,0,1,8,2020
126779,2,1,1,2,1,1,1,1,1,4,1,4,2,0,1,2,60628,36.9,2011.0,35,2,0,1,8,2020
126780,2,1,1,3,1,1,4,1,1,4,1,4,2,0,1,2,60628,36.9,2003.0,35,2,0,1,8,2020
126818,1,2,2,3,1,1,1,1,1,1,1,4,3,0,1,2,60639,31.0,1985.0,35,2,12,1,8,2020
126819,1,2,2,2,1,1,5,1,1,1,1,4,3,0,1,2,60639,31.0,2019.0,35,2,12,1,8,2020
126820,1,2,2,3,1,1,1,1,1,1,1,4,3,0,1,2,60621,45.0,1985.0,35,2,12,1,8,2020
126821,1,2,2,2,1,1,5,1,1,1,1,4,3,0,1,2,60621,45.0,2019.0,35,2,12,1,8,2020
126940,1,1,1,3,1,1,1,1,1,1,1,3,2,0,1,0,60467,40.0,2009.0,30,2,13,1,8,2020
126941,1,1,1,3,1,1,2,3,1,2,1,3,2,0,1,0,60467,40.0,2019.0,30,2,13,1,8,2020
127342,1,2,2,2,1,2,1,1,1,4,1,4,2,0,0,1,0,36.0,2010.0,30,2,18,1,8,2020
127343,1,2,2,2,1,2,2,3,1,1,1,4,2,0,0,1,0,36.0,2015.0,30,2,18,1,8,2020
127344,1,2,2,2,1,2,1,1,1,4,1,4,2,0,0,1,60629,42.0,2010.0,30,2,18,1,8,2020
127345,1,2,2,2,1,2,2,3,1,1,1,4,2,0,0,1,60629,42.0,2015.0,30,2,18,1,8,2020
127458,2,2,1,1,1,1,-1,1,1,-1,1,4,3,0,0,1,0,36.0,2018.0,30,2,21,1,8,2020
127459,2,2,1,4,1,1,7,1,1,5,1,4,3,0,0,1,0,36.0,2007.0,30,2,21,1,8,2020
127460,2,2,1,1,1,1,-1,1,1,-1,1,4,3,0,0,1,60104,57.0,2018.0,30,2,21,1,8,2020
127461,2,2,1,4,1,1,7,1,1,5,1,4,3,0,0,1,60104,57.0,2007.0,30,2,21,1,8,2020
127529,1,1,1,1,1,1,4,1,1,1,1,3,2,0,0,0,60068,47.0,2019.0,30,2,10,7,7,2020
127551,1,1,1,4,1,2,1,1,1,1,1,4,3,0,1,3,60068,38.0,2010.0,30,2,10,7,7,2020
127552,1,1,1,6,1,2,11,1,1,1,1,4,3,0,1,3,60068,38.0,2009.0,30,2,10,7,7,2020
127553,1,1,1,4,1,2,1,1,1,1,1,4,3,0,1,3,60016,69.0,2010.0,30,2,10,7,7,2020